{
  "panel-initial-text": {
    "thisproject": "このプロジェクトは",
    "opensource": "オープンソースです",
    "see": "",
    "datasources": "データソースを見る",
    "contribute": "貢献するには <a href=\"%s\" target=\"_blank\">自分の国のデータを追加してください</a>"
  },
  "mobile-main-menu": {
    "map": "電力マップ",
    "areas": "エリア",
    "about": "このサイトについて"
  },
  "onboarding-modal": {
    "view1": {
      "subtitle": "電力による環境負荷のマッピング"
    },
    "view2": {
      "header": "あなたの電気を消費するのにどれほどのCO₂が生み出されるかをリアルタイムで見る",
      "text": "わたしたちは電力消費による炭素集約度(すべての温室効果ガスを含む)を世界中に色で表します。緑色に近づくほど、その電力が環境に優しくなります。"
    },
    "view3": {
      "header": "あなたの電気がどこから来るかを知る",
      "text": "地図上の矢印は電力の異なる場所からの流れを示します。電力源についてより詳しく知るにはそのエリアをクリックしてください。"
    },
    "view4": {
      "header": "風と太陽光のリアルタイムの状態",
      "text": "風力・太陽光発電は気象に左右されます。太陽・風のボタンを押すと世界中の風と太陽光の強さをリアルタイムで表示します。"
    }
  },
  "country-panel": {
    "source": "ソース",
    "carbonintensity": "炭素強度",
    "lowcarbon": "低炭素エネルギー",
    "renewable": "再生可能エネルギー",
    "electricityproduction": "電力生産量",
    "electricityconsumption": "電力消費量",
    "bysource": "ソース分け",
    "emissions": "二酸化炭素排出",
    "addeditsource": "<a href=\"%s\" target=\"_blank\">ソースを追加または編集する</a>",
    "helpfrom": "次の方の協力のおかげで",
    "noDataAtTimestamp": "選択された日時のデータは一時的に利用できません",
    "noLiveData": "このエリアのライブデータは一時的に利用できません",
    "dataIsDelayed": "この地域のデータは最大 %s 時間遅延します。ライブデータは表示できません。",
    "noParserInfo": "私たちはこのエリアについてまだ情報を持っていません。<br/> 修正に協力したいですか? <a href=\"%s\" target=\"_blank\"> エリアのデータを追加することで </a> 貢献することができます。",
    "now": "今"
  },
  "left-panel": {
    "zone-list-header-title": "エリアごとの環境への影響",
    "zone-list-header-subtitle": "電力消費に対する炭素強度(gCO₂eq/kWh)でランク分け",
    "search": "エリアを検索"
  },
  "country-history": {
    "Getdata": "過去と予想のデータを取得する",
    "carbonintensity": {
      "hourly": "最近の24時間の炭素強度"
    },
    "emissionsorigin": {
      "hourly": "過去24時間の排出源"
    },
    "emissionsproduction": {
      "hourly": "過去24時間に生成された排出ガス"
    },
    "electricityorigin": {
      "hourly": "最近の24時間の電力源"
    },
    "electricityproduction": {
      "hourly": "最近の24時間の発電"
    },
    "electricityprices": {
      "hourly": "最近の24時間の電力価格"
    },
    "emissions": {
      "hourly": "過去24時間の排出"
    }
  },
  "footer": {
    "foundbugs": "バグの発見? ご報告ください",
    "faq-text": "不明な点がありますか? ",
    "faq": "よくある質問をチェックしてみてください",
    "here": "(こちらに)"
  },
  "legends": {
    "windpotential": "風力可能量",
    "solarpotential": "太陽光可能量",
    "colorblindmode": "代替配色モード",
    "carbonintensity": "二酸化炭素量"
  },
  "tooltips": {
    "carbonintensity": "炭素強度",
    "lowcarbon": "低二酸化炭素",
    "renewable": "再生可能",
    "crossborderexport": "国境を超える輸出",
    "carbonintensityexport": "輸出された炭素強度",
    "ofinstalled": "of installed capacity",
    "utilizing": "utilizing",
    "withcarbonintensity": "with a carbon intensity of",
    "showWindLayer": "風のレイヤーを表示",
    "hideWindLayer": "風のレイヤーを非表示に",
    "showSolarLayer": "太陽のレイヤーを表示",
    "hideSolarLayer": "太陽のレイヤーを非表示に",
    "changeTheme": "ダークモード切り替え",
    "noParserInfo": "データがありません",
    "temporaryDataOutage": "ライブデータが一時的に利用できません",
    "production": "生産",
    "consumption": "消費",
    "cpinfo": "<b>消費</b> は取り込みと放出を考慮し, <b>生産</b> はそれらを考慮しない",
    "selectLanguage": "言語を選択",
    "lowCarbDescription": "再生可能エネルギーと原子力を含む",
    "dataIsDelayed": "データが遅延しています"
  },
  "misc": {
    "maintitle": "電力消費による二酸化炭素排出のライブ地図",
    "oops": "すみません!サーバーにの接続に問題がありました、数秒後にまた試します",
    "newversion": "新しいバージョンが使える、リロードするには<a onClick=\"location.reload(true);\">こちら</a>にタップしてください",
    "webgl-not-supported": "ブラウザがWebGLをサポートしていないため、マップを表示できません。",
    "retrynow": "今すぐリトライ",
    "database-ad": "過去のデータをお探しですか? <a href=\"https://electricitymaps.com?utm_source=app.electricitymaps.com&utm_medium=referral\" target=\"_blank\">データベースをチェックしてください!</a>",
    "api-ad": "あなたのアプリやデバイスにデータを取り込みたいですか? <a href=\"https://electricitymaps.com?utm_source=app.electricitymaps.com&utm_medium=referral\" target=\"_blank\">私たちのAPIをお試しください!</a>",
    "legend": "Legend",
    "faq": "よくある質問"
  },
  "wind": "風力",
  "solar": "太陽光",
  "hydro": "水力",
  "hydro storage": "水力ストレージ",
  "battery storage": "バッテリー貯蔵",
  "biomass": "バイオマス",
  "nuclear": "原子力",
  "geothermal": "地熱",
  "gas": "ガス",
  "coal": "石炭",
  "oil": "石油",
  "unknown": "不明",
  "electricityComesFrom": "<b>%1$s %%</b> of electricity in %4$s <b>%2$s</b> comes from %3$s",
  "emissionsComeFrom": "<b>%1$s %%</b> of emissions in %4$s <b>%2$s</b> come from %3$s",
  "electricityStoredUsing": "<b>%1$s %%</b> of electricity in %4$s <b>%2$s</b> is stored using %3$s",
  "emissionsStoredUsing": "<b>%1$s %%</b> of emissions in %4$s <b>%2$s</b> are stored using %3$s",
  "electricityExportedTo": "<b>%1$s %%</b> of electricity in %4$s <b>%2$s</b> is exported to %5$s <b>%3$s</b>",
  "emissionsExportedTo": "<b>%1$s %%</b> of emissions in %4$s <b>%2$s</b> are exported to %5$s <b>%3$s</b>",
  "electricityImportedFrom": "<b>%1$s %%</b> of electricity in %4$s <b>%2$s</b> is imported from %5$s <b>%3$s</b>",
  "emissionsImportedFrom": "<b>%1$s %%</b> of emissions in %4$s <b>%2$s</b> are imported from %5$s <b>%3$s</b>",
  "ofCO2eqPerMinute": "of CO₂eq per minute",
  "theMap": {
    "groupName": "地図",
    "mapColors-question": "地図中の色は何を意味しますか?",
    "mapColors-answer": "その地域で消費された電力に伴い排出された温室効果ガスに応じて色がついています (<a href=\"#carbonIntensity\" class=\"entry-link\">炭素強度</a>). 緑色に近づくにしたがって、より環境に優しい電力消費になります.",
    "mapArrows-question": "エリア間に示された矢印は何を意味しますか?",
    "mapArrows-answer": "エリア間の矢印は電気の物理的な流れ(輸入と輸出)を意味します: 点滅の速さは流れの速さを意味します。あなたの使う電気が近隣地域から輸入される際は、その発電に伴い二酸化炭素排出を伴っているため、これらの電気の流れは重要です。",
    "mapSolarWindButtons-question": "地図の“太陽”と“風”のボタンは何をするものですか?",
    "mapSolarWindButtons-answer": "これらのボタンはリアルタイムでの風力と太陽光強度の表示を切り替えるものです。これはその地域で風力や太陽光発電に転換できるか潜在的な可能性を示すものです。注意すべきはこれは表面的なもので、実際に風力タービンや太陽光発電パネルの導入の可能性は他の多くの要素に左右されます。",
    "mapNuclearColors-question": "なぜ原子力を用いる国は地図上で緑色なのですか?",
    "mapNuclearColors-answer": "原子力発電に伴う炭素強度は非常に少ないため(<a href=\"https://en.wikipedia.org/wiki/Life-cycle_greenhouse-gas_emissions_of_energy_sources#2014_IPCC.2C_Global_warming_potential_of_selected_electricity_sources\" target=\"_blank\" >source</a>)、原子力発電の多い国は地図上は緑色となります。(他の形態のエネルギー生成にも当てはまりますことですが)これは原子力発電が他の問題を伴わないことを意味するものではありません。しかしこれらの問題は温室効果ガスの排出とは関連するものではなくこの地図の対象範囲外です。",
    "mapColorBlind-question": "色覚特性があります。地図を見る方法はありますか?",
    "mapColorBlind-answer": "“代替配色モード”設定を有効にすることで地図に表示される配色を切り替えることができます。切り替え機能はデスクトップ版では左パネルの下部に、モバイルアプリでは情報タブにあります。"
  },
  "mapAreas": {
    "groupName": "地図中の地域",
    "noData-question": "なぜ私の地域のデータが無いのですか?",
    "noData-answer": "一時的にその地域の情報が利用できないか、その地域の情報取得に関する設定がまだおこなわれていないためです。<a href=\"#contribute\" class=\"entry-link\">あなたが新しい情報源を付け加える</a>ことができます。",
    "whySmallAreas-question": "なぜ全世界を小さな地域に分割して国ごとの単純な平均値を表示しないのですか?",
    "whySmallAreas-answer": "私たちがデータを取得できる最小単位の地域を対象にしています。最小単位のレベルの情報へのアクセスによって、それぞれの地域に住む電力消費者が発電される場所と気候変動への関連について精細な知識と得ることができます。",
    "divideExistingArea-question": "私が住む地域をより小さい単位に分割できますか?",
    "divideExistingArea-answer": "それぞれの地域を分割できるような情報源がある場合はもちろんできます。<a href=\"#contribute\" class=\"entry-link\">新しい情報源を追加</a>することができます。",
    "seeHistoricalData-question": "24時間を超える過去のデータ履歴を見ることができますか?",
    "seeHistoricalData-answer": "<a href=\"https://electricitymaps.com?utm_source=app.electricitymaps.com&utm_medium=referral\" target=\"_blank\">データベース</a>を通して全ての過去データへのアクセス権を購入できます。"
  },
  "methodology": {
    "groupName": "手法",
    "carbonIntensity-question": "\"炭素強度(carbon intensity)\"とは何ですか?",
    "carbonIntensity-answer": "炭素強度は発電に伴い排出される温室効果ガスの計測値です(gCO₂eq/kWh : 1時間に1キロワット電力消費する際に排出される、グラム単位の二酸化炭素排出量)。私たちは(発電ではなく)電力消費に伴う排出を測定しており、発電された地域で消費される電力の排出値も、他地域から輸入された電力による値も考慮した全ての排出ガス(CO₂もメタンのような他の温室効果ガスも)を意味します。私たちは発電所のライフサイクル全体(建設、燃料製造、運用による排出、運用終了後の解体)から生じる排出値を考慮したライフサイクル分析(LCA: life cycle analysis)によるアプローチをとります。",
    "consumptionFocus-question": "なぜ発電ではなく電力消費による炭素強度を計測するのですか?",
    "consumptionFocus-answer": "私たちは市民は自らが消費する電気に責任を負うべきで、住んでいる地域で発電されている電気に責任を負うべきでは無いと信じています。さらには各地域が、クリーンではない発電を他の地域に移すことや他の地域から電気を輸入することでは気候への影響が少ないと'偽る'ことはできないはずだと私たちは信じています。",
    "renewableLowCarbonDifference-question": "“再生可能”と“低炭素”の違いは何ですか??",
    "renewableLowCarbonDifference-answer": "再生可能な発電は風力、水力、太陽光、地熱などの再生可能なエネルギー源による発電です。低炭素な発電は原子力発電などの非常に少ない温室効果ガスの排出を伴う発電を意味します。",
    "importsAndExports-question": "電力の輸入と輸出も考慮していますか?",
    "importsAndExports-answer": "はい、考慮しています。輸入と輸出は<a href=\"#mapArrows\" class=\"entry-link\">地域間の小さい矢印</a>として見ることができます。詳細な情報は地域をクリックした際に表示される図表の中で見ることができます。",
    "emissionsOfStored-question": "バッテリーに貯蔵されたり貯水池に貯水するための発電からの排出はどうなりますか?",
    "emissionsOfStored-answer": "現在のところ小さな割合の電力しか貯蔵されておらず、これらの排出値を完全に集計に取り入れていないことから現在のところ排出値合計には影響を及ぼしていません。しかし電力貯蔵の重要性が増していけば私たちも早めに考慮に入れたいと考えます。",
    "guaranteesOfOrigin-question": "グリーン証書とは何ですか、そしてどのように考慮していますか?",
    "guaranteesOfOrigin-answer": "再生可能エネルギーの発電所が発電した際に、その発電源について証明書を発行することができます(再生可能エネルギー証書とも呼ばれます) - それは再生可能エネルギーとして発電され送電網に送り込まれたことを証明するものです。これらの保証書は電力と切り離して販売することができます。これによって電力小売業者は証書を組み合わせることで販売する電力の由来がどのようなものでも再生可能エネルギー由来の電力と主張することができ、電力消費者に対して太陽光でも風力でも、風が無い夜でも再生可能エネルギーを利用できると言うことができます。これは消費者から最適な時間帯(例えば再生可能エネルギーが最も多く送電されている際など)に電力を消費してもらう動機を奪うものという点で問題があります。そのためこの地図では電力源の証明に関する情報を除外し、代わりに消費者に判断できるようにすることを目的に位置情報に基づく実際の送電状況を描いています。",
    "otherSources-question": "なぜ発電以外の排出源について表示しないのですか?",
    "otherSources-answer": "それはこのプロジェクトの対象外となっています。しかしelectricityMapで私たちは<a href=\"#whoAreYou\" class=\"entry-link\">人々の日々の行動がもたらす環境負荷を定量化する手法</a>を開発するために活発に働いています。",
    "homeSolarPanel-question": "仮に私が家にソーラーパネルを設置したら?",
    "homeSolarPanel-answer": "私たちは地域の電力網の炭素強度を測定しており、あなたがソーラーパネルで発電した電気を家で直接消費(オフグリッド)しても私たちの測定対象にはなりません。しかしながらあなたの家のソーラーパネルが電力網に電気を提供している場合は、その発電量は地域太陽光発電が利用可能になっている地域(フランスやイギリスなど)で私たちの集計値に含まれています。",
    "emissionsPerCapita-question": "なぜ1人当たりの排出量を示さないのですか?",
    "emissionsPerCapita-answer": "地域によってはある程度の割合の電力が製造業で使用されて、作られた商品が他の地域へ輸出され消費されることがあります。この場合は電力消費とそれに伴う温室効果ガス排出は製造した地域のためではなく、<em>輸入した地域</em>で商品を消費するために引き起こされたことになります。私たちは人々は自身の消費にのみ責任を持つべきと考え、地域で製造されたものの自身で消費することのない製造物にまで責任を負うべきではないと考えます。この点で考えると、電力消費に伴う地域1人当たりの排出量を示すことは誤解を招くものです。"
  },
  "data": {
    "groupName": "データ",
    "dataOrigins-question": "データはどのように取得しているのですか?",
    "dataOrigins-answer": "私たちは全てのデータを送電事業者、官公庁、その他の機関から公開されているデータを処理して利用しています。地域をクリックすることで情報源についてより詳細な情報が得られます。",
    "dataDownload-question": "データをダウンロードできますか?",
    "dataDownload-answer": "<a href=\"https://electricitymaps.com?utm_source=app.electricitymaps.com&utm_medium=referral\" target=\"_blank\">データベース</a>から全てのデータのアクセス権を購入できます。",
    "dataIntegration-question": "データをリアルタイムに私のアプリケーションやデバイスに統合できますか?",
    "dataIntegration-answer": "できます! <a href=\"https://electricitymaps.com?utm_source=app.electricitymaps.com&utm_medium=referral\" target=\"_blank\">リアルタイムAPI</a>へのアクセス権を販売しており、これには未来予測も含まれています。"
  },
  "aboutUs": {
    "groupName": "私たちについて",
    "whoAreYou-question": "あなたたちは誰ですか?",
    "whoAreYou-answer": "Electricity Map はデンマークのスタートアップ企業<a href=\"https://electricitymaps.com/\" target=\"_blank\">electricityMap</a>によって開発、維持されています。私たちのゴールは、私たちが日々行う選択の環境負荷を定量化し広くアクセス可能とすることで人類が持続可能な状態へ至ることの助けとなることです。",
    "feedback-question": "フィードバックしてもいいですか?",
    "feedback-answer": "ぜひどうぞ! <a href=\"https://forms.gle/VHaeHzXyGodFKZY18\" target=\"_blank\">フィードバックフォーム</a>もしくは<a href=\"mailto:app@electricitymaps.com\">メール</a>でお願いします!",
    "contribute-question": "プロジェクトに貢献できますか?",
    "contribute-answer": "できます! Electricity Map はオープンソースプロジェクトで、ボランティアの貢献者によって成り立っています。新しい地域への新規データソースの追加、新機能追加、バグ修正などで地図の開発をお手伝いいただける際は気軽に私たちの<a href=\"https://github.com/electricitymaps/electricitymaps-contrib\" target=\"_blank\">github</a>へアクセスしてください。",
    "workTogether-question": "私たちと一緒に仕事できますか?",
    "workTogether-answer": "私たちはコラボレーションできる機会を積極的に探しています。<a href=\"mailto:app@electricitymaps.com\">email</a>を送ってください!",
    "disclaimer-question": "免責事項",
    "disclaimer-answer": "<a href=\"https://electricitymaps.com/\" target=\"_blank\">Electricity Maps</a> publishes data and images on the <a href=\"https://www.electricitymaps.com/\" target=\"_blank\">Electricity Maps</a> for information purposes. It makes no claims of correctness nor provides any form of warranties, and reserves the right to change the content at any time or to remove parts without having to inform you of this. Electricity Maps assumes no responsibility for, and shall not be liable for, any damages or expenses you may incur as a result of any inaccuracy, incompleteness, untimeliness or obsolescence of the Electricity Maps, or the information derived from them.  It is not allowed to include this webpage, or any of its individual elements, in another webpage, without formal prior written consent.<br><br> All intellectual property rights belong to the rightful owners and its licensors. Copying, distribution and any other use of these materials, in particular the energy data, is not permitted without the written permission of Electricity Maps, except and only to the extent otherwise provided in regulations of mandatory law (such as the right to quote), unless specified otherwise for specific materials. <br><br>This disclaimer may be updated from time to time."
  },
  "zoneShortName": {
    "AD": {
      "zoneName": "アンドラ"
    },
    "AE": {
      "zoneName": "アラブ首長国連邦"
    },
    "AF": {
      "zoneName": "アフガニスタン"
    },
    "AG": {
      "zoneName": "アンティグア・バーブーダ"
    },
    "AI": {
      "zoneName": "アンギラ"
    },
    "AL": {
      "zoneName": "アルバニア"
    },
    "AM": {
      "zoneName": "アルメニア"
    },
    "AO": {
      "zoneName": "アンゴラ"
    },
    "AQ": {
      "zoneName": "南極大陸"
    },
    "AS": {
      "zoneName": "アメリカ領サモア"
    },
    "AT": {
      "zoneName": "オーストリア"
    },
    "AR": {
      "zoneName": "アルゼンチン"
    },
    "AU-NSW": {
      "countryName": "オーストラリア",
      "zoneName": "ニューサウスウェールズ州"
    },
    "AU-NT": {
      "countryName": "オーストラリア",
      "zoneName": "ノーザンテリトリー"
    },
    "AU-QLD": {
      "countryName": "オーストラリア",
      "zoneName": "クイーンズランド州"
    },
    "AU-SA": {
      "countryName": "オーストラリア",
      "zoneName": "南 オーストラリア"
    },
    "AU-TAS": {
      "countryName": "オーストラリア",
      "zoneName": "タスマニア"
    },
    "AU-TAS-KI": {
      "countryName": "オーストラリア",
      "zoneName": "キング島"
    },
    "AU-VIC": {
      "countryName": "オーストラリア",
      "zoneName": "ビクトリア州"
    },
    "AU-WA": {
      "countryName": "オーストラリア",
      "zoneName": "西 オーストラリア"
    },
    "AW": {
      "zoneName": "アルバ"
    },
    "AX": {
      "zoneName": "オーランド諸島"
    },
    "AZ": {
      "zoneName": "アゼルバイジャン"
    },
    "BA": {
      "zoneName": "ボスニア・ヘルツェゴビナ"
    },
    "BB": {
      "zoneName": "バルバドス"
    },
    "BD": {
      "zoneName": "バングラデシュ"
    },
    "BE": {
      "zoneName": "ベルギー"
    },
    "BF": {
      "zoneName": "ブルキナファソ"
    },
    "BG": {
      "zoneName": "ブルガリア"
    },
    "BH": {
      "zoneName": "バーレーン"
    },
    "BI": {
      "zoneName": "ブルンジ"
    },
    "BJ": {
      "zoneName": "ベナン"
    },
    "BM": {
      "zoneName": "バミューダ"
    },
    "BN": {
      "zoneName": "ブルネイ"
    },
    "BO": {
      "zoneName": "ボリビア"
    },
    "BQ": {
      "zoneName": "ボネール、シント・ユースタティウスおよびサバ"
    },
    "BR": {
      "zoneName": "ブラジル"
    },
    "BR-CS": {
      "countryName": "ブラジル",
      "zoneName": "中央ブラジル"
    },
    "BR-N": {
      "countryName": "ブラジル",
      "zoneName": "北ブラジル"
    },
    "BR-NE": {
      "countryName": "ブラジル",
      "zoneName": "東北ブラジル"
    },
    "BR-S": {
      "countryName": "ブラジル",
      "zoneName": "南ブラジル"
    },
    "BS": {
      "zoneName": "バハマ"
    },
    "BT": {
      "zoneName": "ブータン"
    },
    "BV": {
      "zoneName": "ブーベ島"
    },
    "BW": {
      "zoneName": "ボツワナ"
    },
    "BY": {
      "zoneName": "ベラルーシ"
    },
    "BZ": {
      "zoneName": "ベリーズ"
    },
    "CA-AB": {
      "countryName": "カナダ",
      "zoneName": "アルバータ州"
    },
    "CA-BC": {
      "countryName": "カナダ",
      "zoneName": "ブリティッシュコロンビア"
    },
    "CA-MB": {
      "countryName": "カナダ",
      "zoneName": "マニトバ州"
    },
    "CA-NL": {
      "countryName": "カナダ",
      "zoneName": "ニューファンドランドアンドラブラドール州"
    },
    "CA-NB": {
      "countryName": "カナダ",
      "zoneName": "ニューブランズウィック"
    },
    "CA-NT": {
      "countryName": "カナダ",
      "zoneName": "ノースウェスト準州"
    },
    "CA-NS": {
      "countryName": "カナダ",
      "zoneName": "ノバスコシア州"
    },
    "CA-NU": {
      "countryName": "カナダ",
      "zoneName": "ヌナブト"
    },
    "CA-ON": {
      "countryName": "カナダ",
      "zoneName": "オンタリオ"
    },
    "CA-PE": {
      "countryName": "カナダ",
      "zoneName": "プリンス・エドワード島"
    },
    "CA-QC": {
      "countryName": "カナダ",
      "zoneName": "ケベック州"
    },
    "CA-SK": {
      "countryName": "カナダ",
      "zoneName": "サスカチュワン州"
    },
    "CA-YT": {
      "countryName": "カナダ",
      "zoneName": "ユーコン"
    },
    "CC": {
      "zoneName": "ココス諸島"
    },
    "CD": {
      "zoneName": "コンゴ民主共和国"
    },
    "CF": {
      "zoneName": "中央アフリカ共和国"
    },
    "CG": {
      "zoneName": "コンゴ"
    },
    "CH": {
      "zoneName": "スイス"
    },
    "CI": {
      "zoneName": "コートジボワール"
    },
    "CK": {
      "zoneName": "クック諸島"
    },
    "CL-SEA": {
      "countryName": "チリ",
      "zoneName": "Sistema Eléctrico de Aysén"
    },
    "CL-SEM": {
      "countryName": "チリ",
      "zoneName": "Sistema Eléctrico de Magallanes"
    },
    "CL-SEN": {
      "countryName": "チリ",
      "zoneName": "Sistema Eléctrico Nacional"
    },
    "CM": {
      "zoneName": "カメルーン"
    },
    "CN": {
      "zoneName": "中国"
    },
    "CO": {
      "zoneName": "コロンビア"
    },
    "CR": {
      "zoneName": "コスタリカ"
    },
    "CU": {
      "zoneName": "キューバ"
    },
    "CV": {
      "zoneName": "カーボベルデ"
    },
    "CW": {
      "zoneName": "キュラソー"
    },
    "CX": {
      "zoneName": "クリスマス島"
    },
    "CY": {
      "zoneName": "キプロス"
    },
    "CZ": {
      "zoneName": "チェコ"
    },
    "DE": {
      "zoneName": "ドイツ"
    },
    "DJ": {
      "zoneName": "ジブチ"
    },
    "DK": {
      "zoneName": "デンマーク"
    },
    "DK-DK1": {
      "countryName": "デンマーク",
      "zoneName": "西デンマーク"
    },
    "DK-DK2": {
      "countryName": "デンマーク",
      "zoneName": "西デンマーク"
    },
    "DK-BHM": {
      "countryName": "デンマーク",
      "zoneName": "東デンマーク"
    },
    "DM": {
      "zoneName": "ドミニカ"
    },
    "DO": {
      "zoneName": "ドミニカ共和国"
    },
    "DZ": {
      "zoneName": "アルジェリア"
    },
    "EC": {
      "zoneName": "エクアドル"
    },
    "EE": {
      "zoneName": "エストニア"
    },
    "EG": {
      "zoneName": "エジプト"
    },
    "EH": {
      "zoneName": "西サハラ"
    },
    "ER": {
      "zoneName": "エリトリア"
    },
    "ES": {
      "zoneName": "スペイン"
    },
    "ES-IB-FO": {
      "countryName": "スペイン",
      "zoneName": "フォルメンテラ島"
    },
    "ES-IB-IZ": {
      "countryName": "スペイン",
      "zoneName": "イビサ島"
    },
    "ES-IB-MA": {
      "countryName": "スペイン",
      "zoneName": "マヨルカ島"
    },
    "ES-IB-ME": {
      "countryName": "スペイン",
      "zoneName": "メノルカ島"
    },
    "ES-CN-FVLZ": {
      "countryName": "スペイン",
      "zoneName": "フエルテベントゥラ島/ランサローテ島"
    },
    "ES-CN-GC": {
      "countryName": "スペイン",
      "zoneName": "グラン・カナリア島"
    },
    "ES-CN-HI": {
      "countryName": "スペイン",
      "zoneName": "エル・イエロ島 "
    },
    "ES-CN-IG": {
      "countryName": "スペイン",
      "zoneName": "ラ・ゴメラ島"
    },
    "ES-CN-LP": {
      "countryName": "スペイン",
      "zoneName": "ラ・パルマ島"
    },
    "ES-CN-TE": {
      "countryName": "スペイン",
      "zoneName": "テネリフェ島"
    },
    "ET": {
      "zoneName": "エチオピア"
    },
    "FI": {
      "zoneName": "フィンランド"
    },
    "FJ": {
      "zoneName": "フィジー"
    },
    "FK": {
      "zoneName": "フォークランド諸島"
    },
    "FM": {
      "zoneName": "ミクロネシア"
    },
    "FO": {
      "zoneName": "フェロー諸島"
    },
    "FR": {
      "zoneName": "フランス"
    },
    "FR-COR": {
      "countryName": "フランス",
      "zoneName": "コルシカ島"
    },
    "GA": {
      "zoneName": "ガボン"
    },
    "GB": {
      "zoneName": "イギリス"
    },
    "GB-NIR": {
      "zoneName": "北アイルランド"
    },
    "GB-ORK": {
      "countryName": "イギリス",
      "zoneName": "オークニー諸島"
    },
    "GB-ZET": {
      "countryName": "イギリス",
      "zoneName": "シェットランド諸島"
    },
    "GD": {
      "zoneName": "グレナダ"
    },
    "GE": {
      "zoneName": "ジョージア州"
    },
    "GF": {
      "zoneName": "フランス領ギアナ"
    },
    "GG": {
      "zoneName": "ガーンジー"
    },
    "GH": {
      "zoneName": "ガーナ"
    },
    "GI": {
      "zoneName": "ジブラルタル"
    },
    "GL": {
      "zoneName": "グリーンランド"
    },
    "GM": {
      "zoneName": "ガンビア"
    },
    "GN": {
      "zoneName": "ギニア"
    },
    "GP": {
      "zoneName": "グアドループ"
    },
    "GQ": {
      "zoneName": "赤道ギニア"
    },
    "GR": {
      "zoneName": "ギリシャ"
    },
    "GR-IS": {
      "countryName": "ギリシャ",
      "zoneName": "エーゲ海諸島"
    },
    "GS": {
      "zoneName": "サウスジョージア・サウスサンドウィッチ諸島"
    },
    "GT": {
      "zoneName": "グアテマラ"
    },
    "GU": {
      "zoneName": "グアム"
    },
    "GW": {
      "zoneName": "ギニアビサウ"
    },
    "GY": {
      "zoneName": "ガイアナ"
    },
    "HK": {
      "zoneName": "香港"
    },
    "HM": {
      "zoneName": "ハード島とマクドナルド諸島"
    },
    "HN": {
      "zoneName": "ホンジュラス"
    },
    "HR": {
      "zoneName": "クロアチア"
    },
    "HT": {
      "zoneName": "ハイチ"
    },
    "HU": {
      "zoneName": "ハンガリー"
    },
    "ID": {
      "zoneName": "インドネシア"
    },
    "IE": {
      "zoneName": "アイルランド"
    },
    "IL": {
      "zoneName": "イスラエル"
    },
    "IM": {
      "zoneName": "マン島"
    },
    "IN-AN": {
      "countryName": "インド",
      "zoneName": "アンダマンとニコバル諸島"
    },
    "IN-AP": {
      "countryName": "インド",
      "zoneName": "アンドラ・プラデシュ"
    },
    "IN-AR": {
      "countryName": "インド",
      "zoneName": "アルナチャルプラデーシュ州"
    },
    "IN-AS": {
      "countryName": "インド",
      "zoneName": "アッサム"
    },
    "IN-BR": {
      "countryName": "インド",
      "zoneName": "ビハール"
    },
    "IN-CT": {
      "countryName": "インド",
      "zoneName": "チャッティースガル"
    },
    "IN-DL": {
      "countryName": "インド",
      "zoneName": "デリー"
    },
    "IN-DN": {
      "countryName": "インド",
      "zoneName": "ダードラーおよびナガル・ハヴェーリー"
    },
    "IN-GA": {
      "countryName": "インド",
      "zoneName": "ゴア"
    },
    "IN-GJ": {
      "countryName": "インド",
      "zoneName": "グジャラート州"
    },
    "IN-HP": {
      "countryName": "インド",
      "zoneName": "ヒマーチャルプラデーシュ州"
    },
    "IN-HR": {
      "countryName": "インド",
      "zoneName": "ハリヤーナ"
    },
    "IN-JH": {
      "countryName": "インド",
      "zoneName": "ジャールカンド州"
    },
    "IN-JK": {
      "countryName": "インド",
      "zoneName": "ジャムとカシミール"
    },
    "IN-KA": {
      "countryName": "インド",
      "zoneName": "カルナタカ"
    },
    "IN-KL": {
      "countryName": "インド",
      "zoneName": "ケララ州"
    },
    "IN-MH": {
      "countryName": "インド",
      "zoneName": "マハラシュトラ"
    },
    "IN-ML": {
      "countryName": "インド",
      "zoneName": "メガラヤ"
    },
    "IN-MN": {
      "countryName": "インド",
      "zoneName": "マニプール"
    },
    "IN-MP": {
      "countryName": "インド",
      "zoneName": "マディヤ・プラデシュ"
    },
    "IN-MZ": {
      "countryName": "インド",
      "zoneName": "ミゾラム"
    },
    "IN-NL": {
      "countryName": "インド",
      "zoneName": "ナガランド"
    },
    "IN-OR": {
      "countryName": "インド",
      "zoneName": "オリッサ州"
    },
    "IN-PB": {
      "countryName": "インド",
      "zoneName": "パンジャーブ"
    },
    "IN-PY": {
      "countryName": "インド",
      "zoneName": "ポンディシェリ"
    },
    "IN-RJ": {
      "countryName": "インド",
      "zoneName": "ラージャスターン"
    },
    "IN-SK": {
      "countryName": "インド",
      "zoneName": "シッキム"
    },
    "IN-TL": {
      "countryName": "インド",
      "zoneName": "タミルナードゥ州"
    },
    "IN-TR": {
      "countryName": "インド",
      "zoneName": "トリプラ"
    },
    "IN-UP": {
      "countryName": "インド",
      "zoneName": "ウッタル・プラデーシュ州"
    },
    "IN-UT": {
      "countryName": "インド",
      "zoneName": "ウッタラーカンド州"
    },
    "IN-WB": {
      "countryName": "インド",
      "zoneName": "西ベンガル州"
    },
    "IO": {
      "zoneName": "イギリス領インド洋地域"
    },
    "IQ": {
      "zoneName": "イラク"
    },
    "IQ-KUR": {
      "countryName": "イラク",
      "zoneName": "クルディスタン"
    },
    "IR": {
      "zoneName": "イラン"
    },
    "IS": {
      "zoneName": "アイスランド"
    },
    "IT": {
      "zoneName": "イタリア"
    },
    "IT-CNO": {
      "countryName": "イタリア",
      "zoneName": "中央北部"
    },
    "IT-CSO": {
      "countryName": "イタリア",
      "zoneName": "中央南部"
    },
    "IT-NO": {
      "countryName": "イタリア",
      "zoneName": "北部"
    },
    "IT-SAR": {
      "countryName": "イタリア",
      "zoneName": "サルデーニャ"
    },
    "IT-SIC": {
      "countryName": "イタリア",
      "zoneName": "シチリア"
    },
    "IT-SO": {
      "countryName": "イタリア",
      "zoneName": "南部"
    },
    "JE": {
      "zoneName": "ジャージー"
    },
    "JM": {
      "zoneName": "ジャマイカ"
    },
    "JO": {
      "zoneName": "ヨルダン"
    },
    "JP-CB": {
      "countryName": "日本",
      "zoneName": "中部"
    },
    "JP-CG": {
      "countryName": "日本",
      "zoneName": "中国"
    },
    "JP-HKD": {
      "countryName": "日本",
      "zoneName": "北海道"
    },
    "JP-HR": {
      "countryName": "日本",
      "zoneName": "北陸"
    },
    "JP-KN": {
      "countryName": "日本",
      "zoneName": "関西"
    },
    "JP-KY": {
      "countryName": "日本",
      "zoneName": "九州"
    },
    "JP-ON": {
      "countryName": "日本",
      "zoneName": "沖縄"
    },
    "JP-SK": {
      "countryName": "日本",
      "zoneName": "四国"
    },
    "JP-TH": {
      "countryName": "日本",
      "zoneName": "東北"
    },
    "JP-TK": {
      "countryName": "日本",
      "zoneName": "東京"
    },
    "KE": {
      "zoneName": "ケニア"
    },
    "KG": {
      "zoneName": "キルギス"
    },
    "KH": {
      "zoneName": "カンボジア"
    },
    "KI": {
      "zoneName": "キリバス"
    },
    "KM": {
      "zoneName": "コモロ"
    },
    "KN": {
      "zoneName": "セントクリストファー・ネービス"
    },
    "KP": {
      "zoneName": "北朝鮮"
    },
    "KR": {
      "zoneName": "韓国"
    },
    "KW": {
      "zoneName": "クウェート"
    },
    "KY": {
      "zoneName": "ケイマン諸島"
    },
    "KZ": {
      "zoneName": "カザフスタン"
    },
    "LA": {
      "zoneName": "ラオス"
    },
    "LB": {
      "zoneName": "レバノン"
    },
    "LC": {
      "zoneName": "セントルシア"
    },
    "LI": {
      "zoneName": "リヒテンシュタイン"
    },
    "LK": {
      "zoneName": "スリランカ"
    },
    "LR": {
      "zoneName": "リベリア"
    },
    "LS": {
      "zoneName": "レソト"
    },
    "LT": {
      "zoneName": "リトアニア"
    },
    "LU": {
      "zoneName": "ルクセンブルク"
    },
    "LV": {
      "zoneName": "ラトビア"
    },
    "LY": {
      "zoneName": "リビア"
    },
    "MA": {
      "zoneName": "モロッコ"
    },
    "MC": {
      "zoneName": "モナコ"
    },
    "MD": {
      "zoneName": "モルドバ"
    },
    "ME": {
      "zoneName": "モンテネグロ"
    },
    "MF": {
      "countryName": "セント・マーチン",
      "zoneName": "フランス"
    },
    "MG": {
      "zoneName": "マダガスカル"
    },
    "MH": {
      "zoneName": "マーシャル諸島"
    },
    "MK": {
      "zoneName": "北マケドニア"
    },
    "ML": {
      "zoneName": "マリ"
    },
    "MM": {
      "zoneName": "ミャンマー"
    },
    "MN": {
      "zoneName": "モンゴル"
    },
    "MO": {
      "zoneName": "マカオ"
    },
    "MP": {
      "zoneName": "北マリアナ諸島"
    },
    "MQ": {
      "zoneName": "マルティニーク"
    },
    "MR": {
      "zoneName": "モーリタニア"
    },
    "MS": {
      "zoneName": "モントセラト"
    },
    "MT": {
      "zoneName": "マルタ"
    },
    "MU": {
      "zoneName": "モーリシャス"
    },
    "MV": {
      "zoneName": "モルディブ"
    },
    "MW": {
      "zoneName": "マラウイ"
    },
    "MX": {
      "zoneName": "メキシコ"
    },
    "MX-BC": {
      "countryName": "メキシコ",
      "zoneName": "バハ・カリフォルニア"
    },
    "MX-CE": {
      "countryName": "メキシコ",
      "zoneName": "中央部"
    },
    "MX-NE": {
      "countryName": "メキシコ",
      "zoneName": "北東部"
    },
    "MX-NO": {
      "countryName": "メキシコ",
      "zoneName": "北部"
    },
    "MX-NW": {
      "countryName": "メキシコ",
      "zoneName": "北西部"
    },
    "MX-OC": {
      "countryName": "メキシコ",
      "zoneName": "西洋部"
    },
    "MX-OR": {
      "countryName": "メキシコ",
      "zoneName": "東洋部"
    },
    "MX-PN": {
      "countryName": "メキシコ",
      "zoneName": "半島部"
    },
    "MY-EM": {
      "countryName": "マレーシア",
      "zoneName": "ボルネオ"
    },
    "MY-WM": {
      "countryName": "マレーシア",
      "zoneName": "マレー半島"
    },
    "MZ": {
      "zoneName": "モザンビーク"
    },
    "NA": {
      "zoneName": "ナミビア"
    },
    "NC": {
      "zoneName": "ニューカレドニア"
    },
    "NE": {
      "zoneName": "ニジェール"
    },
    "NF": {
      "zoneName": "ノーフォーク島"
    },
    "NG": {
      "zoneName": "ナイジェリア"
    },
    "NI": {
      "zoneName": "ニカラグア"
    },
    "NKR": {
      "zoneName": "ナゴルノ・カラバフ"
    },
    "NL": {
      "zoneName": "オランダ"
    },
    "NO-NO1": {
      "countryName": "ノルウェー",
      "zoneName": "ノルウェー南東部"
    },
    "NO-NO2": {
      "countryName": "ノルウェー",
      "zoneName": "ノルウェー南西部"
    },
    "NO-NO3": {
      "countryName": "ノルウェー",
      "zoneName": "ノルウェー中部"
    },
    "NO-NO4": {
      "countryName": "ノルウェー",
      "zoneName": "ノルウェー北部"
    },
    "NO-NO5": {
      "countryName": "ノルウェー",
      "zoneName": "ノルウェー西部"
    },
    "NP": {
      "zoneName": "ネパール"
    },
    "NR": {
      "zoneName": "ナウル"
    },
    "NU": {
      "zoneName": "ニウエ"
    },
    "NZ": {
      "zoneName": "ニュージーランド"
    },
    "NZ-NZA": {
      "countryName": "ニュージーランド",
      "zoneName": "オークランド諸島"
    },
    "NZ-NZC": {
      "countryName": "ニュージーランド",
      "zoneName": "チャタム諸島"
    },
    "OM": {
      "zoneName": "オマーン"
    },
    "PA": {
      "zoneName": "パナマ"
    },
    "PE": {
      "zoneName": "ペルー"
    },
    "PF": {
      "zoneName": "フランス領ポリネシア"
    },
    "PG": {
      "zoneName": "パプアニューギニア"
    },
    "PH": {
      "zoneName": "フィリピン"
    },
    "PK": {
      "zoneName": "パキスタン"
    },
    "PL": {
      "zoneName": "ポーランド"
    },
    "PM": {
      "zoneName": "サン・ピエール及びミクロン"
    },
    "PN": {
      "zoneName": "ピトケアン"
    },
    "PR": {
      "zoneName": "プエルトリコ"
    },
    "PS": {
      "zoneName": "パレスチナ"
    },
    "PT": {
      "zoneName": "ポルトガル"
    },
    "PT-AC": {
      "countryName": "ポルトガル",
      "zoneName": "アゾレス諸島"
    },
    "PT-MA": {
      "countryName": "ポルトガル",
      "zoneName": "マデイラ"
    },
    "PW": {
      "zoneName": "パラオ"
    },
    "PY": {
      "zoneName": "パラグアイ"
    },
    "QA": {
      "zoneName": "カタール"
    },
    "RE": {
      "zoneName": "レユニオン"
    },
    "RO": {
      "zoneName": "ルーマニア"
    },
    "RS": {
      "zoneName": "セルビア"
    },
    "RU": {
      "zoneName": "ロシア"
    },
    "RU-1": {
      "countryName": "ロシア",
      "zoneName": "ヨーロッパロシアとウラル"
    },
    "RU-2": {
      "countryName": "ロシア",
      "zoneName": "シベリア"
    },
    "RU-EU": {
      "zoneName": "ロシア"
    },
    "RU-AS": {
      "zoneName": "ロシア"
    },
    "RU-KGD": {
      "countryName": "ロシア",
      "zoneName": "カリーニングラード"
    },
    "RW": {
      "zoneName": "ルワンダ"
    },
    "SA": {
      "zoneName": "サウジアラビア"
    },
    "SB": {
      "zoneName": "ソロモン諸島"
    },
    "SC": {
      "zoneName": "セーシェル"
    },
    "SD": {
      "zoneName": "スーダン"
    },
    "SE": {
      "zoneName": "スウェーデン"
    },
    "SG": {
      "zoneName": "シンガポール"
    },
    "SH": {
      "zoneName": "セントヘレナ・アセンションおよびトリスタンダクーニャ"
    },
    "SI": {
      "zoneName": "スロベニア"
    },
    "SJ": {
      "zoneName": "スヴァールバル諸島およびヤンマイエン島"
    },
    "SK": {
      "zoneName": "スロバキア"
    },
    "SL": {
      "zoneName": "シエラレオネ"
    },
    "SM": {
      "zoneName": "サンマリノ"
    },
    "SN": {
      "zoneName": "セネガル"
    },
    "SO": {
      "zoneName": "ソマリア"
    },
    "SR": {
      "zoneName": "スリナム"
    },
    "SS": {
      "zoneName": "南スーダン"
    },
    "ST": {
      "zoneName": "サントメ・プリンシペ"
    },
    "SV": {
      "zoneName": "エルサルバドル"
    },
    "SX": {
      "countryName": "シント・マールテン",
      "zoneName": "オランダ領"
    },
    "SY": {
      "zoneName": "シリア"
    },
    "SZ": {
      "zoneName": "エスワティニ"
    },
    "TC": {
      "zoneName": "タークス・カイコス諸島"
    },
    "TD": {
      "zoneName": "チャド"
    },
    "TF": {
      "zoneName": "フランス領南方・南極地域"
    },
    "TG": {
      "zoneName": "トーゴ"
    },
    "TH": {
      "zoneName": "タイ"
    },
    "TJ": {
      "zoneName": "タジキスタン"
    },
    "TK": {
      "zoneName": "トケラウ"
    },
    "TL": {
      "zoneName": "東ティモール"
    },
    "TM": {
      "zoneName": "トルクメニスタン"
    },
    "TN": {
      "zoneName": "チュニジア"
    },
    "TO": {
      "zoneName": "トンガ"
    },
    "TR": {
      "zoneName": "トルコ"
    },
    "TT": {
      "zoneName": "トリニダード・ドバゴ"
    },
    "TV": {
      "zoneName": "ツバル"
    },
    "TW": {
      "zoneName": "台湾"
    },
    "TZ": {
      "zoneName": "タンザニア"
    },
    "UA": {
      "zoneName": "ウクライナ"
    },
    "UA-CR": {
      "countryName": "クリミア",
      "zoneName": "ウクライナ"
    },
    "UG": {
      "zoneName": "ウガンダ"
    },
    "UM": {
      "zoneName": "アメリカ合衆国領有小離島"
    },
    "US": {
      "zoneName": "本土アメリカ合衆国"
    },
    "US-HI-HA": {
      "countryName": "アメリカ合衆国",
      "zoneName": "ハワイ"
    },
    "US-HI-KA": {
      "countryName": "アメリカ合衆国",
      "zoneName": "カウアイ"
    },
    "US-HI-KH": {
      "countryName": "アメリカ合衆国",
      "zoneName": "カホオラウェ"
    },
    "US-HI-LA": {
      "countryName": "アメリカ合衆国",
      "zoneName": "ラナイ"
    },
    "US-HI-MA": {
      "countryName": "アメリカ合衆国",
      "zoneName": "マウイ"
    },
    "US-HI-MO": {
      "countryName": "アメリカ合衆国",
      "zoneName": "モロカイ"
    },
    "US-HI-NI": {
      "countryName": "アメリカ合衆国",
      "zoneName": "ニイハウ"
    },
    "US-HI-OA": {
      "countryName": "アメリカ合衆国",
      "zoneName": "オアフ"
    },
    "US-CAL-BANC": {
      "countryName": "アメリカ合衆国",
      "zoneName": "Balancing Authority Of Northern California"
    },
    "US-CAL-CISO": {
      "countryName": "アメリカ合衆国",
      "zoneName": "California Independent System Operator"
    },
    "US-CAL-IID": {
      "countryName": "アメリカ合衆国",
      "zoneName": "Imperial Irrigation District"
    },
    "US-CAL-LDWP": {
      "countryName": "アメリカ合衆国",
      "zoneName": "Los Angeles Department Of Water And Power"
    },
    "US-CAL-TIDC": {
      "countryName": "アメリカ合衆国",
      "zoneName": "Turlock Irrigation District"
    },
    "US-CAR-CPLE": {
      "countryName": "アメリカ合衆国",
      "zoneName": "Duke Energy Progress East"
    },
    "US-CAR-CPLW": {
      "countryName": "アメリカ合衆国",
      "zoneName": "Duke Energy Progress West"
    },
    "US-CAR-DUK": {
      "countryName": "アメリカ合衆国",
      "zoneName": "Duke Energy Carolinas"
    },
    "US-CAR-SC": {
      "countryName": "アメリカ合衆国",
      "zoneName": "South Carolina Public Service Authority"
    },
    "US-CAR-SCEG": {
      "countryName": "アメリカ合衆国",
      "zoneName": "South Carolina Electric & Gas Company"
    },
    "US-CAR-YAD": {
      "countryName": "アメリカ合衆国",
      "zoneName": "Alcoa Power Generating, Inc. Yadkin Division"
    },
    "US-CENT-SPA": {
      "countryName": "アメリカ合衆国",
      "zoneName": "Southwestern Power Administration"
    },
    "US-CENT-SWPP": {
      "countryName": "アメリカ合衆国",
      "zoneName": "Southwest Power Pool"
    },
    "US-FLA-FMPP": {
      "countryName": "アメリカ合衆国",
      "zoneName": "Florida Municipal Power Pool"
    },
    "US-FLA-FPC": {
      "countryName": "アメリカ合衆国",
      "zoneName": "Duke Energy Florida Inc"
    },
    "US-FLA-FPL": {
      "countryName": "アメリカ合衆国",
      "zoneName": "Florida Power & Light Company"
    },
    "US-FLA-GVL": {
      "countryName": "アメリカ合衆国",
      "zoneName": "Gainesville Regional Utilities"
    },
    "US-FLA-HST": {
      "countryName": "アメリカ合衆国",
      "zoneName": "City Of Homestead"
    },
    "US-FLA-JEA": {
      "countryName": "アメリカ合衆国",
      "zoneName": "JEA"
    },
    "US-FLA-SEC": {
      "countryName": "アメリカ合衆国",
      "zoneName": "Seminole Electric Cooperative"
    },
    "US-FLA-TAL": {
      "countryName": "アメリカ合衆国",
      "zoneName": "City Of Tallahassee"
    },
    "US-FLA-TEC": {
      "countryName": "アメリカ合衆国",
      "zoneName": "Tampa Electric Company"
    },
    "US-MIDA-PJM": {
      "countryName": "アメリカ合衆国",
      "zoneName": "PJM Interconnection, Llc"
    },
    "US-MIDW-AECI": {
      "countryName": "アメリカ合衆国",
      "zoneName": "Associated Electric Cooperative, Inc."
    },
    "US-MIDW-LGEE": {
      "countryName": "アメリカ合衆国",
      "zoneName": "Louisville Gas And Electric Company And Kentucky Utilities"
    },
    "US-MIDW-MISO": {
      "countryName": "アメリカ合衆国",
      "zoneName": "Midcontinent Independent Transmission System Operator, Inc.."
    },
    "US-NE-ISNE": {
      "countryName": "アメリカ合衆国",
      "zoneName": "Iso New England Inc."
    },
    "US-NW-AVA": {
      "countryName": "アメリカ合衆国",
      "zoneName": "Avista Corporation"
    },
    "US-NW-AVRN": {
      "countryName": "アメリカ合衆国",
      "zoneName": "Avangrid Renewables Cooperative"
    },
    "US-NW-BPAT": {
      "countryName": "アメリカ合衆国",
      "zoneName": "Bonneville Power Administration"
    },
    "US-NW-CHPD": {
      "countryName": "アメリカ合衆国",
      "zoneName": "PUD No. 1 Of Chelan County"
    },
    "US-NW-DOPD": {
      "countryName": "アメリカ合衆国",
      "zoneName": "PUD No. 1 Of Douglas County"
    },
    "US-NW-GCPD": {
      "countryName": "アメリカ合衆国",
      "zoneName": "PUD No. 2 Of Grant County, Washington"
    },
    "US-NW-GRID": {
      "countryName": "アメリカ合衆国",
      "zoneName": "Gridforce Energy Management, Llc"
    },
    "US-NW-GWA": {
      "countryName": "アメリカ合衆国",
      "zoneName": "Naturener Power Watch, Llc (Gwa)"
    },
    "US-NW-IPCO": {
      "countryName": "アメリカ合衆国",
      "zoneName": "Idaho Power Company"
    },
    "US-NW-NEVP": {
      "countryName": "アメリカ合衆国",
      "zoneName": "Nevada Power Company"
    },
    "US-NW-NWMT": {
      "countryName": "アメリカ合衆国",
      "zoneName": "Northwestern Energy"
    },
    "US-NW-PACE": {
      "countryName": "アメリカ合衆国",
      "zoneName": "Pacificorp East"
    },
    "US-NW-PACW": {
      "countryName": "アメリカ合衆国",
      "zoneName": "Pacificorp West"
    },
    "US-NW-PGE": {
      "countryName": "アメリカ合衆国",
      "zoneName": "Portland General Electric Company"
    },
    "US-NW-PSCO": {
      "countryName": "アメリカ合衆国",
      "zoneName": "Public Service Company Of Colorado"
    },
    "US-NW-PSEI": {
      "countryName": "アメリカ合衆国",
      "zoneName": "Puget Sound Energy"
    },
    "US-NW-SCL": {
      "countryName": "アメリカ合衆国",
      "zoneName": "Seattle City Light"
    },
    "US-NW-TPWR": {
      "countryName": "アメリカ合衆国",
      "zoneName": "City Of Tacoma, Department Of Public Utilities, Light Division"
    },
    "US-NW-WACM": {
      "countryName": "アメリカ合衆国",
      "zoneName": "Western Area Power Administration - Rocky Mountain Region"
    },
    "US-NW-WAUW": {
      "countryName": "アメリカ合衆国",
      "zoneName": "Western Area Power Administration UGP West"
    },
    "US-NW-WWA": {
      "countryName": "アメリカ合衆国",
      "zoneName": "Naturener Wind Watch, Llc"
    },
    "US-NY-NYIS": {
      "countryName": "アメリカ合衆国",
      "zoneName": "New York Independent System Operator"
    },
    "US-SE-SEPA": {
      "countryName": "アメリカ合衆国",
      "zoneName": "Southeastern Power Administration"
    },
    "US-SE-SOCO": {
      "countryName": "アメリカ合衆国",
      "zoneName": "Southern Company Services, Inc. - Trans"
    },
    "US-SW-AZPS": {
      "countryName": "アメリカ合衆国",
      "zoneName": "Arizona Public Service Company"
    },
    "US-SW-DEAA": {
      "countryName": "アメリカ合衆国",
      "zoneName": "Arlington Valley, LLC"
    },
    "US-SW-EPE": {
      "countryName": "アメリカ合衆国",
      "zoneName": "El Paso Electric Company"
    },
    "US-SW-GRIF": {
      "countryName": "アメリカ合衆国",
      "zoneName": "Griffith Energy, LLC"
    },
    "US-SW-HGMA": {
      "countryName": "アメリカ合衆国",
      "zoneName": "New Harquahala Generating Company, LLC"
    },
    "US-SW-PNM": {
      "countryName": "アメリカ合衆国",
      "zoneName": "Public Service Company Of New Mexico"
    },
    "US-SW-SRP": {
      "countryName": "アメリカ合衆国",
      "zoneName": "Salt River Project"
    },
    "US-SW-TEPC": {
      "countryName": "アメリカ合衆国",
      "zoneName": "Tucson Electric Power Company"
    },
    "US-SW-WALC": {
      "countryName": "アメリカ合衆国",
      "zoneName": "Western Area Power Administration - Desert Southwest Region"
    },
    "US-TEN-TVA": {
      "countryName": "アメリカ合衆国",
      "zoneName": "Tennessee Valley Authority"
    },
    "US-TEX-ERCO": {
      "countryName": "アメリカ合衆国",
      "zoneName": "Electric Reliability Council Of Texas, Inc."
    },
    "UY": {
      "zoneName": "ウルグアイ"
    },
    "UZ": {
      "zoneName": "ウズベキスタン"
    },
    "VA": {
      "zoneName": "バチカン市国"
    },
    "VC": {
      "zoneName": "セントビンセント及びグレナディーン諸島"
    },
    "VE": {
      "zoneName": "ベネズエラ"
    },
    "VG": {
      "countryName": "ヴァージン諸島",
      "zoneName": "ヴァージン諸島"
    },
    "VI": {
      "countryName": "アメリカ合衆国",
      "zoneName": "ヴァージン諸島"
    },
    "VN": {
      "zoneName": "ベトナム"
    },
    "VU": {
      "zoneName": "バヌアツ"
    },
    "WF": {
      "zoneName": "ウォリス・フツナ"
    },
    "WS": {
      "zoneName": "サモア"
    },
    "XK": {
      "zoneName": "コソボ"
    },
    "XX": {
      "zoneName": "北キプロス"
    },
    "YE": {
      "zoneName": "イエメン"
    },
    "YT": {
      "zoneName": "マヨット"
    },
    "ZA": {
      "zoneName": "南アフリカ"
    },
    "ZM": {
      "zoneName": "ザンビア"
    },
    "ZW": {
      "zoneName": "ジンバブエ"
    }
  }
}
