{
    "panel-initial-text": {
        "thisproject": "Dieses Projekt ist",
        "opensource": "Open Source",
        "see": "siehe",
        "datasources": "Datenquellen",
        "contribute": "Wirke mit, indem du <a href=\"%s\" target=\"_blank\">dein Land hinzufügst</a>"
    },
    "country-panel": {
        "source": "Quelle",
        "carbonintensity": "spezifische CO2-Emissionen",
        "lowcarbon": "CO2-arm",
        "renewable": "regenerativ",
        "electricityproduction": "Elektrizitätsproduktion",
        "bysource": "nach Quellen",
        "emissions": "CO2-Emissionen",
        "addeditsource": "<a href=\"%s\" target=\"_blank\">Quelle bearbeiten oder hinzufügen</a>",
        "helpfrom": "mit Unterstützung von"
    },
    "country-history": {
        "carbonintensity24h": "spezifische CO2-Emissionen in den letzten 24 h",
        "electricityorigin24h": "Ursprung der Elektrizität in den letzten 24 h",
        "electricityprices24h": "Strompreis in den letzten 24 h",
        "Getdata": "Zugang zu historischen Daten und zur Vorhersage-API"
    },
    "footer": {
        "likethisvisu": "Findest du die Visualisierung gut?",
        "loveyourfeedback": "Wir freuen uns über dein Feedback",
        "foundbugs": "Hast du Bugs gefunden? Hast du Ideen zur Verbesserung der Karte?",
        "here": "Teile sie uns hier mit"
    },
    "legends": {
        "windpotential": "Windenergiepotenzial",
        "solarpotential": "Solarenergiepotenzial",
        "colorblindmode": "Farbenblind-Modus",
        "carbonintensity": "spezifische CO2-Emissionen"
    },
    "tooltips": {
        "carbonintensity": "spezifische CO2-Emissionen",
        "lowcarbon": "CO2-arm",
        "renewable": "regenerativ",
        "crossborderexport": "Stromexport über Zonengrenzen",
        "carbonintensityexport": "spezifische CO2-Emissionen der Exporte",
        "ofinstalled": "der installierten Leistung",
        "utilizing": "durch Verwendung von",
        "withcarbonintensity": "mit spezifischen CO2-Emissionen von"
    },
    "misc": {
        "maintitle": "CO2-Emissionen des Stromverbrauchs in Echtzeit",
        "oops": "Ups! Wir haben Probleme den Server zu erreichen. Wir versuchen es in wenigen Sekunden nochmal.",
        "newversion": "Eine neuere Version ist verfügbar! Klick <a onClick=\"location.reload(true);\">hier</a> um sie zu laden.",
        "retrynow": "Erneut versuchen"
    },
    "wind": "Windenergie",
    "solar": "Photovoltaik",
    "hydro": "Wasserkraft",
    "hydro storage": "Pumpspeicher",
    "battery storage": "Batteriespeicher",
    "biomass": "Biomasse",
    "nuclear": "Atomkraft",
    "geothermal": "Geothermie",
    "gas": "Erdgas",
    "coal": "Kohle",
    "oil": "Öl",
    "unknown": "unbekannt",

    "electricityComesFrom": "%1$s %% der Elektrizität der Zone <img id=\"country-flag\"></img> <b>%2$s</b> stammen aus %3$s",
    "emissionsComeFrom": "%1$s %% der CO2-Emissionen der Zone <img id=\"country-flag\"></img> <b>%2$s</b> stammen aus %3$s",
    "electricityStoredUsing": "%1$s %% der Elektrizität der Zone <img id=\"country-flag\"></img> <b>%2$s</b> werden gespeichert in %3$s",
    "emissionsStoredUsing": "%1$s %% der CO2-Emissionen der Zone <img id=\"country-flag\"></img> <b>%2$s</b> werden gespeichert in %3$s",

    "electricityExportedTo": "%1$s %% der Elektrizität der Zone <img id=\"country-flag\"></img> <b>%2$s</b> werden in die Zone <img id=\"country-exchange-flag\"></img> <b>%3$s</b> exportiert",
    "emissionsExportedTo": "%1$s %% der CO2-Emissionen der Zone <img id=\"country-flag\"></img> <b>%2$s</b> werden in die Zone <img id=\"country-exchange-flag\"></img> <b>%3$s</b> exportiert",
    "electricityImportedFrom": "%1$s %% der Elektrizität der Zone <img id=\"country-flag\"></img> <b>%2$s</b> werden aus der Zone <img id=\"country-exchange-flag\"></img> <b>%3$s</b> importiert",
    "emissionsImportedFrom": "%1$s %% der CO2-Emissionen der Zone <img id=\"country-flag\"></img> <b>%2$s</b> werden aus der Zone <img id=\"country-exchange-flag\"></img> <b>%3$s</b> importiert",

    "ofCO2eqPerMinute": "CO2äq pro Minute",

    "zoneShortName": {
        "AD": {
            "zoneName": "Andorra"
          },
          "AE": {
            "zoneName": "Vereinigte Arabische Emirate"
          },
          "AF": {
            "zoneName": "Afghanistan"
          },
          "AG": {
            "zoneName": "Antigua und Barbuda"
          },
          "AI": {
            "zoneName": "Anguilla"
          },
          "AL": {
            "zoneName": "Albanien"
          },
          "AM": {
            "zoneName": "Armenien"
          },
          "AO": {
            "zoneName": "Angola"
          },
          "AQ": {
            "zoneName": "Antarktis"
          },
          "AS": {
            "zoneName": "Amerikanisch Samoa"
          },
          "AT": {
            "zoneName": "Österreich"
          },
          "AR": {
            "zoneName": "Argentinien"
          },
          "AUS-NSW": {
            "countryName": "Australien",
            "zoneName": "New South Wales"
          },
          "AUS-NT": {
            "countryName": "Australien",
            "zoneName": "Northern Territory"
          },
          "AUS-QLD": {
            "countryName": "Australien",
            "zoneName": "Queensland"
          },
          "AUS-SA": {
            "countryName": "Australien",
            "zoneName": "South Australia"
          },
          "AUS-TAS": {
            "countryName": "Australien",
            "zoneName": "Tasmania"
          },
          "AUS-VIC": {
            "countryName": "Australien",
            "zoneName": "Victoria"
          },
          "AUS-WA": {
            "countryName": "Australien",
            "zoneName": "Western Australia"
          },
          "AW": {
            "zoneName": "Aruba"
          },
          "AX": {
            "zoneName": "Ålandinseln"
          },
          "AZ": {
            "zoneName": "Aserbaidschan"
          },
          "BA": {
            "zoneName": "Bosnien und Herzegowina"
          },
          "BB": {
            "zoneName": "Barbados"
          },
          "BD": {
            "zoneName": "Bangladesch"
          },
          "BE": {
            "zoneName": "Belgien"
          },
          "BF": {
            "zoneName": "Burkina Faso"
          },
          "BG": {
            "zoneName": "Bulgarien"
          },
          "BH": {
            "zoneName": "Bahrain"
          },
          "BI": {
            "zoneName": "Burundi"
          },
          "BJ": {
            "zoneName": "Benin"
          },
          "BM": {
            "zoneName": "Bermuda"
          },
          "BN": {
            "zoneName": "Brunei"
          },
          "BO": {
            "zoneName": "Bolivien"
          },
          "BQ": {
            "zoneName": "Bonaire, Sint Eustatius und Saba"
          },
          "BR-CS": {
            "countryName": "Brasilien",
            "zoneName": "Zentral"
          },
          "BR-N": {
            "countryName": "Brasilien",
            "zoneName": "Nord"
          },
          "BR-NE": {
            "countryName": "Brasilien",
            "zoneName": "Nord-Ost"
          },
          "BR-S": {
            "countryName": "Brasilien",
            "zoneName": "Süd"
          },
          "BS": {
            "zoneName": "Bahamas"
          },
          "BT": {
            "zoneName": "Bhutan"
          },
          "BV": {
            "zoneName": "Bouvetinsel"
          },
          "BW": {
            "zoneName": "Botswana"
          },
          "BY": {
            "zoneName": "Weißrussland"
          },
          "BZ": {
            "zoneName": "Belize"
          },
          "CA-AB": {
            "countryName": "Kanada",
            "zoneName": "Alberta"
          },
          "CA-BC": {
            "countryName": "Kanada",
            "zoneName": "Britisch-Kolumbien"
          },
          "CA-MB": {
            "countryName": "Kanada",
            "zoneName": "Manitoba"
          },
          "CA-NL": {
            "countryName": "Kanada",
            "zoneName": "Neufundland und Labrador"
          },
          "CA-NB": {
            "countryName": "Kanada",
            "zoneName": "New Brunswick"
          },
          "CA-NT": {
            "countryName": "Kanada",
            "zoneName": "Northwest Territories"
          },
          "CA-NS": {
            "countryName": "Kanada",
            "zoneName": "Nova Scotia"
          },
          "CA-NU": {
            "countryName": "Kanada",
            "zoneName": "Nunavut"
          },
          "CA-ON": {
            "countryName": "Kanada",
            "zoneName": "Ontario"
          },
          "CA-PE": {
            "countryName": "Kanada",
            "zoneName": "Prince Edward Island"
          },
          "CA-QC": {
            "countryName": "Kanada",
            "zoneName": "Québec"
          },
          "CA-SK": {
            "countryName": "Kanada",
            "zoneName": "Saskatchewan"
          },
          "CA-YT": {
            "countryName": "Kanada",
            "zoneName": "Yukon"
          },
          "CC": {
            "zoneName": "Kokosinseln"
          },
          "CD": {
            "zoneName": "Demokratische Republik Kongo"
          },
          "CF": {
            "zoneName": "Zentralafrikanische Republik"
          },
          "CG": {
            "zoneName": "Kongo"
          },
          "CH": {
            "zoneName": "Schweiz"
          },
          "CI": {
            "zoneName": "Elfenbeinküste"
          },
          "CK": {
            "zoneName": "Cook Inseln"
          },
          "CL-SING": {
            "countryName": "Chile",
            "zoneName": "SING"
          },
          "CL-SIC": {
            "countryName": "Chile",
            "zoneName": "SIC"
          },
          "CL-SEM": {
            "countryName": "Chile",
            "zoneName": "SEM"
          },
          "CL-SEA": {
            "countryName": "Chile",
            "zoneName": "SEA"
          },
          "CM": {
            "zoneName": "Kamerun"
          },
          "CN": {
            "zoneName": "China"
          },
          "CO": {
            "zoneName": "Kolumbien"
          },
          "CR": {
            "zoneName": "Costa Rica"
          },
          "CU": {
            "zoneName": "Kuba"
          },
          "CV": {
            "zoneName": "Kap Verde"
          },
          "CW": {
            "zoneName": "Curaçao"
          },
          "CX": {
            "zoneName": "Weihnachtsinsel"
          },
          "CY": {
            "zoneName": "Zypern"
          },
          "CZ": {
            "zoneName": "Tschechien"
          },
          "DE": {
            "zoneName": "Deutschland"
          },
          "DJ": {
            "zoneName": "Dschibuti"
          },
          "DK-DK1": {
            "countryName": "Dänemark",
            "zoneName": "West"
          },
          "DK-DK2": {
            "countryName": "Dänemark",
            "zoneName": "Ost"
          },
          "DK-BHM": {
            "countryName": "Dänemark",
            "zoneName": "Bornholm"
          },
          "DM": {
            "zoneName": "Dominica"
          },
          "DO": {
            "zoneName": "Dominikanische Republik"
          },
          "DZ": {
            "zoneName": "Algerien"
          },
          "EC": {
            "zoneName": "Ecuador"
          },
          "EE": {
            "zoneName": "Estland"
          },
          "EG": {
            "zoneName": "Ägypten"
          },
          "EH": {
            "zoneName": "Westsahara"
          },
          "ER": {
            "zoneName": "Eritrea"
          },
          "ES": {
            "zoneName": "Spanien"
          },
          "ES-IB": {
            "countryName": "Spanien",
            "zoneName": "Balearen"
          },
          "ES-CN-FVLZ": {
            "countryName": "Spanien",
            "zoneName": "Fuerteventura/Lanzarote"
          },
          "ES-CN-GC": {
            "countryName": "Spanien",
            "zoneName": "Gran Canaria"
          },
          "ES-CN-HI": {
            "countryName": "Spanien",
            "zoneName": "El Hierro"
          },
          "ES-CN-IG": {
            "countryName": "Spanien",
            "zoneName": "La Gomera"
          },
          "ES-CN-LP": {
            "countryName": "Spanien",
            "zoneName": "La Palma"
          },
          "ES-CN-TE": {
            "countryName": "Spanien",
            "zoneName": "Teneriffa"
          },
          "ET": {
            "zoneName": "Äthiopien"
          },
          "FI": {
            "zoneName": "Finnland"
          },
          "FJ": {
            "zoneName": "Fidschi"
          },
          "FK": {
            "zoneName": "Falklandinseln"
          },
          "FM": {
            "zoneName": "Mikronesien"
          },
          "FO": {
            "zoneName": "Faröer Inseln"
          },
          "FR": {
            "zoneName": "Frankreich"
          },
          "GA": {
            "zoneName": "Gabun"
          },
          "GB": {
            "countryName": "Vereinigtes Königreich",
            "zoneName": "Großbritannien"
          },
          "GB-NIR": {
            "countryName": "Vereinigtes Königreich",
            "zoneName": "Nordirland"
          },
          "GD": {
            "zoneName": "Grenada"
          },
          "GE": {
            "zoneName": "Georgien"
          },
          "GF": {
            "zoneName": "Französich Guayana"
          },
          "GG": {
            "zoneName": "Guernsey"
          },
          "GH": {
            "zoneName": "Ghana"
          },
          "GI": {
            "zoneName": "Gibraltar"
          },
          "GL": {
            "zoneName": "Grönland"
          },
          "GM": {
            "zoneName": "Gambia"
          },
          "GN": {
            "zoneName": "Guinea"
          },
          "GP": {
            "zoneName": "Guadeloupe"
          },
          "GQ": {
            "zoneName": "Äquatorialguinea"
          },
          "GR": {
            "zoneName": "Griechenland"
          },
          "GS": {
            "zoneName": "Südgeorgien und die südlichen Sandwichinseln"
          },
          "GT": {
            "zoneName": "Guatemala"
          },
          "GU": {
            "zoneName": "Guam"
          },
          "GW": {
            "zoneName": "Guinea-Bissau"
          },
          "GY": {
            "zoneName": "Guyana"
          },
          "HK": {
            "zoneName": "Hong Kong"
          },
          "HM": {
            "zoneName": "Heard und McDonaldinseln"
          },
          "HN": {
            "zoneName": "Honduras"
          },
          "HR": {
            "zoneName": "Kroatien"
          },
          "HT": {
            "zoneName": "Haiti"
          },
          "HU": {
            "zoneName": "Ungarn"
          },
          "ID": {
            "zoneName": "Indonesien"
          },
          "IE": {
            "zoneName": "Irland"
          },
          "IL": {
            "zoneName": "Israel"
          },
          "IM": {
            "zoneName": "Isle of Man"
          },
          "IN-AN": {
            "countryName": "Indien",
            "zoneName": "Andaman and Nicobar Islands"
          },
          "IN-AP": {
            "countryName": "Indien",
            "zoneName": "Andhra Pradesh"
          },
          "IN-AR": {
            "countryName": "Indien",
            "zoneName": "Arunachal Pradesh"
          },
          "IN-AS": {
            "countryName": "Indien",
            "zoneName": "Assam"
          },
          "IN-BR": {
            "countryName": "Indien",
            "zoneName": "Bihar"
          },
          "IN-CT": {
            "countryName": "Indien",
            "zoneName": "Chhattisgarh"
          },
          "IN-DL": {
            "countryName": "Indien",
            "zoneName": "Delhi"
          },
          "IN-GA": {
            "countryName": "Indien",
            "zoneName": "Goa"
          },
          "IN-GJ": {
            "countryName": "Indien",
            "zoneName": "Gujarat"
          },
          "IN-HP": {
            "countryName": "Indien",
            "zoneName": "Himachal Pradesh"
          },
          "IN-HR": {
            "countryName": "Indien",
            "zoneName": "Haryana"
          },
          "IN-JH": {
            "countryName": "Indien",
            "zoneName": "Jharkhand"
          },
          "IN-JK": {
            "countryName": "Indien",
            "zoneName": "Jammu und Kaschmir"
          },
          "IN-KA": {
            "countryName": "Indien",
            "zoneName": "Karnataka"
          },
          "IN-KL": {
            "countryName": "Indien",
            "zoneName": "Kerala"
          },
          "IN-MH": {
            "countryName": "Indien",
            "zoneName": "Maharashtra"
          },
          "IN-ML": {
            "countryName": "Indien",
            "zoneName": "Meghalaya"
          },
          "IN-MN": {
            "countryName": "Indien",
            "zoneName": "Manipur"
          },
          "IN-MP": {
            "countryName": "Indien",
            "zoneName": "Madhya Pradesh"
          },
          "IN-MZ": {
            "countryName": "Indien",
            "zoneName": "Mizoram"
          },
          "IN-NL": {
            "countryName": "Indien",
            "zoneName": "Nagaland"
          },
          "IN-OR": {
            "countryName": "Indien",
            "zoneName": "Orissa"
          },
          "IN-PB": {
            "countryName": "Indien",
            "zoneName": "Punjab"
          },
          "IN-PY": {
            "countryName": "Indien",
            "zoneName": "Pondicherry"
          },
          "IN-RJ": {
            "countryName": "Indien",
            "zoneName": "Rajasthan"
          },
          "IN-SK": {
            "countryName": "Indien",
            "zoneName": "Sikkim"
          },
          "IN-TL": {
            "countryName": "Indien",
            "zoneName": "Tamil Nadu"
          },
          "IN-TR": {
            "countryName": "Indien",
            "zoneName": "Tripura"
          },
          "IN-UP": {
            "countryName": "Indien",
            "zoneName": "Uttar Pradesh"
          },
          "IN-UT": {
            "countryName": "Indien",
            "zoneName": "Uttarakhand"
          },
          "IN-WB": {
            "countryName": "Indien",
            "zoneName": "West Bengal"
          },
          "IO": {
            "zoneName": "Britisches Territorium im Indischen Ozean"
          },
          "IQ": {
            "zoneName": "Irak"
          },
          "IR": {
            "zoneName": "Iran"
          },
          "IS": {
            "zoneName": "Island"
          },
          "IT": {
            "zoneName": "Italien"
          },
          "JE": {
            "zoneName": "Jersey"
          },
          "JM": {
            "zoneName": "Jamaika"
          },
          "JO": {
            "zoneName": "Jordanien"
          },
          "JP": {
            "zoneName": "Japan"
          },
          "KE": {
            "zoneName": "Kenia"
          },
          "KG": {
            "zoneName": "Kirgistan"
          },
          "KH": {
            "zoneName": "Kambodscha"
          },
          "KI": {
            "zoneName": "Kiribati"
          },
          "KM": {
            "zoneName": "Komoren"
          },
          "KN": {
            "zoneName": "Saint Kitts und Nevis"
          },
          "KP": {
            "zoneName": "Nordkorea"
          },
          "KR": {
            "zoneName": "Südkorea"
          },
          "KW": {
            "zoneName": "Kuwait"
          },
          "KY": {
            "zoneName": "Kaiman Inseln"
          },
          "KZ": {
            "zoneName": "Kasachstan"
          },
          "LA": {
            "zoneName": "Laos"
          },
          "LB": {
            "zoneName": "Libanon"
          },
          "LC": {
            "zoneName": "St. Lucia"
          },
          "LI": {
            "zoneName": "Liechtenstein"
          },
          "LK": {
            "zoneName": "Sri Lanka"
          },
          "LR": {
            "zoneName": "Liberia"
          },
          "LS": {
            "zoneName": "Lesotho"
          },
          "LT": {
            "zoneName": "Litauen"
          },
          "LU": {
            "zoneName": "Luxemburg"
          },
          "LV": {
            "zoneName": "Lettland"
          },
          "LY": {
            "zoneName": "Libyen"
          },
          "MA": {
            "zoneName": "Marokko"
          },
          "MC": {
            "zoneName": "Monaco"
          },
          "MD": {
            "zoneName": "Moldawien"
          },
          "ME": {
            "zoneName": "Montenegro"
          },
          "MF": {
            "countryName": "Saint-Martin",
            "zoneName": "Französ. Teil"
          },
          "MG": {
            "zoneName": "Madagaskar"
          },
          "MH": {
            "zoneName": "Marshallinseln"
          },
          "MK": {
            "zoneName": "Mazedonien"
          },
          "ML": {
            "zoneName": "Mali"
          },
          "MM": {
            "zoneName": "Myanmar"
          },
          "MN": {
            "zoneName": "Mongolei"
          },
          "MO": {
            "zoneName": "Macao"
          },
          "MP": {
            "zoneName": "Nördliche Marianen"
          },
          "MQ": {
            "zoneName": "Martinique"
          },
          "MR": {
            "zoneName": "Mauritanien"
          },
          "MS": {
            "zoneName": "Montserrat"
          },
          "MT": {
            "zoneName": "Malta"
          },
          "MU": {
            "zoneName": "Mauritius"
          },
          "MV": {
            "zoneName": "Malediven"
          },
          "MW": {
            "zoneName": "Malawi"
          },
          "MX": {
            "zoneName": "Mexiko"
          },
          "MY-EM": {
            "countryName": "Malaysia",
            "zoneName": "Borneo"
          },
          "MY-WM": {
            "countryName": "Malaysia",
            "zoneName": "Halbinsel"
          },
          "MZ": {
            "zoneName": "Mosambik"
          },
          "NA": {
            "zoneName": "Namibia"
          },
          "NC": {
            "zoneName": "Neukaledonien"
          },
          "NE": {
            "zoneName": "Niger"
          },
          "NF": {
            "zoneName": "Norfolkinsel"
          },
          "NG": {
            "zoneName": "Nigeria"
          },
          "NI": {
            "zoneName": "Nicaragua"
          },
          "NL": {
            "zoneName": "Niederlande"
          },
          "NO": {
            "zoneName": "Norwegen"
          },
          "NP": {
            "zoneName": "Nepal"
          },
          "NR": {
            "zoneName": "Nauru"
          },
          "NU": {
            "zoneName": "Niue"
          },
          "NZ-NZN": {
            "countryName": "Neuseeland",
            "zoneName": "Nordinsel"
          },
          "NZ-NZS": {
            "countryName": "Neuseeland",
            "zoneName": "Südinsel"
          },
          "OM": {
            "zoneName": "Oman"
          },
          "PA": {
            "zoneName": "Panama"
          },
          "PE": {
            "zoneName": "Peru"
          },
          "PF": {
            "zoneName": "Französisch Polynesien"
          },
          "PG": {
            "zoneName": "Papua-Neuguinea"
          },
          "PH": {
            "zoneName": "Philippinen"
          },
          "PK": {
            "zoneName": "Pakistan"
          },
          "PL": {
            "zoneName": "Polen"
          },
          "PM": {
            "zoneName": "Saint-Pierre und Miquelon"
          },
          "PN": {
            "zoneName": "Pitcairninseln"
          },
          "PR": {
            "zoneName": "Puerto Rico"
          },
          "PS": {
            "zoneName": "Palästina"
          },
          "PT": {
            "zoneName": "Portugal"
          },
          "PT-AC": {
            "countryName": "Portugal",
            "zoneName": "Azoren"
          },
          "PT-MA": {
            "countryName": "Portugal",
            "zoneName": "Madeira"
          },
          "PW": {
            "zoneName": "Palau"
          },
          "PY": {
            "zoneName": "Paraguay"
          },
          "QA": {
            "zoneName": "Katar"
          },
          "RE": {
            "zoneName": "Réunion"
          },
          "RO": {
            "zoneName": "Rumänien"
          },
          "RS": {
            "zoneName": "Serbien"
          },
          "RU": {
            "zoneName": "Russland"
          },
          "RU-EU": {
            "zoneName": "Russland"
          },
          "RU-AS": {
            "zoneName": "Russland"
          },
          "RU-KGD": {
            "countryName": "Russland",
            "zoneName": "Kaliningrad"
          },
          "RW": {
            "zoneName": "Ruanda"
          },
          "SA": {
            "zoneName": "Saudi Arabien"
          },
          "SB": {
            "zoneName": "Salomonen"
          },
          "SC": {
            "zoneName": "Seychellen"
          },
          "SD": {
            "zoneName": "Sudan"
          },
          "SE": {
            "zoneName": "Schweden"
          },
          "SG": {
            "zoneName": "Singapur"
          },
          "SH": {
            "zoneName": "St. Helena, Ascension und Tristan da Cunha"
          },
          "SI": {
            "zoneName": "Slowenien"
          },
          "SJ": {
            "zoneName": "Svalbard und Jan Mayen"
          },
          "SK": {
            "zoneName": "Slowakei"
          },
          "SL": {
            "zoneName": "Sierra Leone"
          },
          "SM": {
            "zoneName": "San Marino"
          },
          "SN": {
            "zoneName": "Senegal"
          },
          "SO": {
            "zoneName": "Somalia"
          },
          "SR": {
            "zoneName": "Suriname"
          },
          "SS": {
            "zoneName": "Südsudan"
          },
          "ST": {
            "zoneName": "Sao Tome und Principe"
          },
          "SV": {
            "zoneName": "El Salvador"
          },
          "SX": {
            "countryName": "Sint Maarten",
            "zoneName": "niederländ. Teil"
          },
          "SY": {
            "zoneName": "Syrien"
          },
          "SZ": {
            "zoneName": "Swasiland"
          },
          "TC": {
            "zoneName": "Turks- und Caicosinseln"
          },
          "TD": {
            "zoneName": "Tschad"
          },
          "TF": {
            "zoneName": "Französische Süd- und Antarktisgebiete"
          },
          "TG": {
            "zoneName": "Togo"
          },
          "TH": {
            "zoneName": "Thailand"
          },
          "TJ": {
            "zoneName": "Tadschikistan"
          },
          "TK": {
            "zoneName": "Tokelau"
          },
          "TL": {
            "zoneName": "Timor-Leste"
          },
          "TM": {
            "zoneName": "Turkmenistan"
          },
          "TN": {
            "zoneName": "Tunisien"
          },
          "TO": {
            "zoneName": "Tonga"
          },
          "TR": {
            "zoneName": "Türkei"
          },
          "TT": {
            "zoneName": "Trinidad und Tobago"
          },
          "TV": {
            "zoneName": "Tuvalu"
          },
          "TW": {
            "zoneName": "Taiwan"
          },
          "TZ": {
            "zoneName": "Tansania"
          },
          "UA": {
            "zoneName": "Ukraine"
          },
          "UA-CR": {
            "countryName": "Ukraine",
            "zoneName": "Krim"
          },
          "UG": {
            "zoneName": "Uganda"
          },
          "UM": {
            "zoneName": "United States Minor Outlying Islands"
          },
          "US": {
            "zoneName": "USA"
          },
          "US-CA": {
            "countryName": "USA",
            "zoneName": "CAISO"
          },
          "US-MISO": {
            "countryName": "USA",
            "zoneName": "MISO"
          },
          "US-NEISO": {
            "countryName": "USA",
            "zoneName": "NEISO"
          },
          "US-NY": {
            "countryName": "USA",
            "zoneName": "NYISO"
          },
          "US-PJM": {
            "countryName": "USA",
            "zoneName": "PJM"
          },
          "UY": {
            "zoneName": "Uruguay"
          },
          "UZ": {
            "zoneName": "Usbekistan"
          },
          "VA": {
            "zoneName": "Vatikanstadt"
          },
          "VC": {
            "zoneName": "Saint Vincent und die Grenadinen"
          },
          "VE": {
            "zoneName": "Venezuela"
          },
          "VG": {
            "countryName": "Jungferninseln",
            "zoneName": "British"
          },
          "VI": {
            "countryName": "Jungferninseln",
            "zoneName": "U.S."
          },
          "VN": {
            "zoneName": "Vietnam"
          },
          "VU": {
            "zoneName": "Vanuatu"
          },
          "WF": {
            "zoneName": "Wallis und Futuna"
          },
          "WS": {
            "zoneName": "Samoa"
          },
          "YE": {
            "zoneName": "Jemen"
          },
          "ZA": {
            "zoneName": "Südafrika"
          },
          "ZM": {
            "zoneName": "Sambia"
          },
          "ZW": {
            "zoneName": "Simbabwe"
          }
    }
  }
}
