{
    "panel-initial-text": {
        "thisproject": "This project is",
        "opensource": "Open Source",
        "see": "see",
        "datasources": "data sources",
        "contribute": "Contribute by <a href=\"%s\" target=\"_blank\">adding your territory</a>"
    },
    "mobile-info-tab": {
        "map-info-text": "This map shows how much CO<sub>2</sub> is emitted to produce your electricity, in real-time. We color areas around the world by their Carbon Intensity (includes all greenhouse gases) of electricity consumed there. Greener colors means more climate friendly electricity.",
        "electricity-origins-text": "Arrows on the map indicate flows of electricity between different areas. Tap on an area to see more information about the origins of its electricity.",
        "wind-solar-text": "Wind and solar energy production depend on the weather. Press the sun and wind buttons to display the real-time strength of wind and sunshine throughout the world."
    },
    "onboarding-modal": {
        "view1": {
            "header": "The Electricity Map",
            "subtitle": "Mapping the climate impact of electricity"
        },
        "view2": {
            "header": "See how much CO<sub>2</sub> is emitted to produce your electricity, in real-time.",
            "text": "We color areas around the world by their Carbon Intensity (includes all greenhouse gases) of electricity consumed there. Greener colors means more climate friendly electricity."
        },
        "view3": {
            "header": "Know where your electricity comes from",
            "text": "Arrows on the map indicate flows of electricity between different areas. Click on an area to see more information about the origins of its electricity."
        },
        "view4": {
            "header": "Real-time wind and solar conditions",
            "text": "Wind and solar energy production depend on the weather. Press the sun and wind buttons to display the real-time strength of wind and sunshine throughout the world."
        }
    },
    "country-panel": {
        "source": "Source",
        "carbonintensity": "Carbon Intensity",
        "lowcarbon": "Low-carbon",
        "renewable": "Renewable",
        "electricity": "Electricity",
        "bysource": "by source",
        "emissions": "Carbon emissions",
        "addeditsource": "<a href=\"%s\" target=\"_blank\">add or edit source</a>",
        "helpfrom": "with help from"
    },
    "left-panel": {
        "zone-list-header-title": "Climate Impact by Area",
        "zone-list-header-subtitle": "Ranked by carbon intensity of electricity consumed (gCO2eq/kWh)",
        "search": "Search areas"
    },
    "country-history": {
        "carbonintensity24h": "Carbon intensity in the last 24 hours",
        "electricityorigin24h": "Origin of electricity in the last 24 hours",
        "electricityprices24h": "Electricity prices in the last 24 hours",
        "Getdata": "Get historical data and forecast API"
    },
    "footer": {
        "likethisvisu": "Like the visualization?",
        "loveyourfeedback": "We'd love your feedback",
        "foundbugs": "Found bugs or have ideas? Report them",
        "here": "here"
    },
    "legends": {
        "windpotential": "Wind power potential",
        "solarpotential": "Solar power potential",
        "colorblindmode": "color blind mode",
        "carbonintensity": "Carbon intensity"
    },
    "tooltips": {
        "carbonintensity": "Carbon intensity",
        "lowcarbon": "Low-carbon",
        "renewable": "Renewable",
        "crossborderexport": "Cross-border export",
        "carbonintensityexport": "Carbon intensity of export",
        "ofinstalled": "of installed capacity",
        "utilizing": "utilizing",
        "withcarbonintensity": "with a carbon intensity of",
        "showWindLayer": "Show wind layer",
        "hideWindLayer": "Hide wind layer",
        "showSolarLayer": "Show solar layer",
        "hideSolarLayer": "Hide solar layer"
    },
    "misc": {
        "maintitle": "Live CO2 emissions of electricity consumption",
        "oops": "Oops! We are having trouble reaching the server. We will try again in a few seconds.",
        "newversion": "A new version is available! Press <a onClick=\"location.reload(true);\">here</a> to reload.",
        "retrynow": "Retry now",
        "database-ad": "Looking for historical data? <a href=\"https://data.electricitymap.org?utm_source=electricitymap.org&utm_medium=referral\" target=\"_blank\">Check out our Database!</a>",
        "api-ad": "Want live data in your app or on your device? <a href=\"https://api.electricitymap.org?utm_source=electricitymap.org&utm_medium=referral\" target=\"_blank\">Try our API!</a>"
    },
    "wind": "wind",
    "solar": "solar",
    "hydro": "hydro",
    "hydro storage": "hydro storage",
    "battery storage": "battery storage",
    "biomass": "biomass",
    "nuclear": "nuclear",
    "geothermal": "geothermal",
    "gas": "gas",
    "coal": "coal",
    "oil": "oil",
    "unknown": "unknown",

    "electricityComesFrom": "%1$s %% of electricity available in <img id=\"country-flag\"></img> <b>%2$s</b> comes from %3$s",
    "emissionsComeFrom": "%1$s %% of emissions available in <img id=\"country-flag\"></img> <b>%2$s</b> come from %3$s",
    "electricityStoredUsing": "%1$s %% of electricity available in <img id=\"country-flag\"></img> <b>%2$s</b> is stored using %3$s",
    "emissionsStoredUsing": "%1$s %% of emissions available in <img id=\"country-flag\"></img> <b>%2$s</b> are stored using %3$s",

    "electricityExportedTo": "%1$s %% of electricity available in <img id=\"country-flag\"></img> <b>%2$s</b> is exported to <img id=\"country-exchange-flag\"></img> <b>%3$s</b>",
    "emissionsExportedTo": "%1$s %% of emissions available in <img id=\"country-flag\"></img> <b>%2$s</b> are exported to <img id=\"country-exchange-flag\"></img> <b>%3$s</b>",
    "electricityImportedFrom": "%1$s %% of electricity available in <img id=\"country-flag\"></img> <b>%2$s</b> is imported from <img id=\"country-exchange-flag\"></img> <b>%3$s</b>",
    "emissionsImportedFrom": "%1$s %% of emissions available in <img id=\"country-flag\"></img> <b>%2$s</b> are imported from <img id=\"country-exchange-flag\"></img> <b>%3$s</b>",

    "ofCO2eqPerMinute": "of CO2eq per minute",

    "zoneShortName": {
        "AD": {
            "countryName": "",
            "zoneName": "Andorra"
          },
          "AE": {
            "countryName": "",
            "zoneName": "United Arab Emirates"
          },
          "AF": {
            "countryName": "",
            "zoneName": "Afghanistan"
          },
          "AG": {
            "countryName": "",
            "zoneName": "Antigua and Barbuda"
          },
          "AI": {
            "countryName": "",
            "zoneName": "Anguilla"
          },
          "AL": {
            "countryName": "",
            "zoneName": "Albania"
          },
          "AM": {
            "countryName": "",
            "zoneName": "Armenia"
          },
          "AO": {
            "countryName": "",
            "zoneName": "Angola"
          },
          "AQ": {
            "countryName": "",
            "zoneName": "Antarctica"
          },
          "AS": {
            "countryName": "",
            "zoneName": "American Samoa"
          },
          "AT": {
            "countryName": "",
            "zoneName": "Austria"
          },
          "AR": {
            "countryName": "",
            "zoneName": "Argentina"
          },
          "AUS-NSW": {
            "countryName": "Australia",
            "zoneName": "New South Wales"
          },
          "AUS-NT": {
            "countryName": "Australia",
            "zoneName": "Northern Territory"
          },
          "AUS-QLD": {
            "countryName": "Australia",
            "zoneName": "Queensland"
          },
          "AUS-SA": {
            "countryName": "Australia",
            "zoneName": "South Australia"
          },
          "AUS-TAS": {
            "countryName": "Australia",
            "zoneName": "Tasmania"
          },
          "AUS-VIC": {
            "countryName": "Australia",
            "zoneName": "Victoria"
          },
          "AUS-WA": {
            "countryName": "Australia",
            "zoneName": "Western Australia"
          },
          "AW": {
            "countryName": "",
            "zoneName": "Aruba"
          },
          "AX": {
            "countryName": "",
            "zoneName": "Åland Islands"
          },
          "AZ": {
            "countryName": "",
            "zoneName": "Azerbaijan"
          },
          "BA": {
            "countryName": "",
            "zoneName": "Bosnia and Herzegovina"
          },
          "BB": {
            "countryName": "",
            "zoneName": "Barbados"
          },
          "BD": {
            "countryName": "",
            "zoneName": "Bangladesh"
          },
          "BE": {
            "countryName": "",
            "zoneName": "Belgium"
          },
          "BF": {
            "countryName": "",
            "zoneName": "Burkina Faso"
          },
          "BG": {
            "countryName": "",
            "zoneName": "Bulgaria"
          },
          "BH": {
            "countryName": "",
            "zoneName": "Bahrain"
          },
          "BI": {
            "countryName": "",
            "zoneName": "Burundi"
          },
          "BJ": {
            "countryName": "",
            "zoneName": "Benin"
          },
          "BM": {
            "countryName": "",
            "zoneName": "Bermuda"
          },
          "BN": {
            "countryName": "",
            "zoneName": "Brunei"
          },
          "BO": {
            "countryName": "",
            "zoneName": "Bolivia"
          },
          "BQ": {
            "countryName": "",
            "zoneName": "Bonaire, Sint Eustatius and Saba"
          },
          "BR-CS": {
            "countryName": "Brazil",
            "zoneName": "Central Brazil"
          },
          "BR-N": {
            "countryName": "Brazil",
            "zoneName": "North Brazil"
          },
          "BR-NE": {
            "countryName": "Brazil",
            "zoneName": "North-East Brazil"
          },
          "BR-S": {
            "countryName": "Brazil",
            "zoneName": "South Brazil"
          },
          "BS": {
            "countryName": "",
            "zoneName": "Bahamas"
          },
          "BT": {
            "countryName": "",
            "zoneName": "Bhutan"
          },
          "BV": {
            "countryName": "",
            "zoneName": "Bouvet Island"
          },
          "BW": {
            "countryName": "",
            "zoneName": "Botswana"
          },
          "BY": {
            "countryName": "",
            "zoneName": "Belarus"
          },
          "BZ": {
            "countryName": "",
            "zoneName": "Belize"
          },
          "CA-AB": {
            "countryName": "Canada",
            "zoneName": "Alberta"
          },
          "CA-BC": {
            "countryName": "Canada",
            "zoneName": "British Columbia"
          },
          "CA-MB": {
            "countryName": "Canada",
            "zoneName": "Manitoba"
          },
          "CA-NL": {
            "countryName": "Canada",
            "zoneName": "Newfoundland and Labrador"
          },
          "CA-NB": {
            "countryName": "Canada",
            "zoneName": "New Brunswick"
          },
          "CA-NT": {
            "countryName": "Canada",
            "zoneName": "Northwest Territories"
          },
          "CA-NS": {
            "countryName": "Canada",
            "zoneName": "Nova Scotia"
          },
          "CA-NU": {
            "countryName": "Canada",
            "zoneName": "Nunavut"
          },
          "CA-ON": {
            "countryName": "Canada",
            "zoneName": "Ontario"
          },
          "CA-PE": {
            "countryName": "Canada",
            "zoneName": "Prince Edward Island"
          },
          "CA-QC": {
            "countryName": "Canada",
            "zoneName": "Québec"
          },
          "CA-SK": {
            "countryName": "Canada",
            "zoneName": "Saskatchewan"
          },
          "CA-YT": {
            "countryName": "Canada",
            "zoneName": "Yukon"
          },
          "CC": {
            "countryName": "",
            "zoneName": "Cocos Islands"
          },
          "CD": {
            "countryName": "",
            "zoneName": "Democratic Republic of the Congo"
          },
          "CF": {
            "countryName": "",
            "zoneName": "Central African Republic"
          },
          "CG": {
            "countryName": "",
            "zoneName": "Congo"
          },
          "CH": {
            "countryName": "",
            "zoneName": "Switzerland"
          },
          "CI": {
            "countryName": "",
            "zoneName": "Ivory Coast"
          },
          "CK": {
            "countryName": "",
            "zoneName": "Cook Islands"
          },
          "CL-SING": {
            "countryName": "Chile",
            "zoneName": "SING"
          },
          "CL-SIC": {
            "countryName": "Chile",
            "zoneName": "SIC"
          },
          "CL-SEM": {
            "countryName": "Chile",
            "zoneName": "SEM"
          },
          "CL-SEA": {
            "countryName": "Chile",
            "zoneName": "SEA"
          },
          "CM": {
            "countryName": "",
            "zoneName": "Cameroon"
          },
          "CN": {
            "countryName": "",
            "zoneName": "China"
          },
          "CO": {
            "countryName": "",
            "zoneName": "Colombia"
          },
          "CR": {
            "countryName": "",
            "zoneName": "Costa Rica"
          },
          "CU": {
            "countryName": "",
            "zoneName": "Cuba"
          },
          "CV": {
            "countryName": "",
            "zoneName": "Cabo Verde"
          },
          "CW": {
            "countryName": "",
            "zoneName": "Curaçao"
          },
          "CX": {
            "countryName": "",
            "zoneName": "Christmas Island"
          },
          "CY": {
            "countryName": "",
            "zoneName": "Cyprus"
          },
          "CZ": {
            "countryName": "",
            "zoneName": "Czechia"
          },
          "DE": {
            "countryName": "",
            "zoneName": "Germany"
          },
          "DJ": {
            "countryName": "",
            "zoneName": "Djibouti"
          },
          "DK": {
            "countryName": "",
            "zoneName": "Denmark"
          },
          "DK-DK1": {
            "countryName": "Denmark",
            "zoneName": "West Denmark"
          },
          "DK-DK2": {
            "countryName": "Denmark",
            "zoneName": "East Denmark"
          },
          "DK-BHM": {
            "countryName": "Denmark",
            "zoneName": "Bornholm"
          },
          "DM": {
            "countryName": "",
            "zoneName": "Dominica"
          },
          "DO": {
            "countryName": "",
            "zoneName": "Dominican Republic"
          },
          "DZ": {
            "countryName": "",
            "zoneName": "Algeria"
          },
          "EC": {
            "countryName": "",
            "zoneName": "Ecuador"
          },
          "EE": {
            "countryName": "",
            "zoneName": "Estonia"
          },
          "EG": {
            "countryName": "",
            "zoneName": "Egypt"
          },
          "EH": {
            "countryName": "",
            "zoneName": "Western Sahara"
          },
          "ER": {
            "countryName": "",
            "zoneName": "Eritrea"
          },
          "ES": {
            "countryName": "",
            "zoneName": "Spain"
          },
          "ES-IB": {
            "countryName": "Spain",
            "zoneName": "Balearic Islands"
          },
          "ES-CN-FVLZ": {
            "countryName": "Spain",
            "zoneName": "Fuerteventura/Lanzarote"
          },
          "ES-CN-GC": {
            "countryName": "Spain",
            "zoneName": "Gran Canaria"
          },
          "ES-CN-HI": {
            "countryName": "Spain",
            "zoneName": "El Hierro"
          },
          "ES-CN-IG": {
            "countryName": "Spain",
            "zoneName": "Isla de la Gomera"
          },
          "ES-CN-LP": {
            "countryName": "Spain",
            "zoneName": "La Palma"
          },
          "ES-CN-TE": {
            "countryName": "Spain",
            "zoneName": "Tenerife"
          },
          "ET": {
            "countryName": "",
            "zoneName": "Ethiopia"
          },
          "FI": {
            "countryName": "",
            "zoneName": "Finland"
          },
          "FJ": {
            "countryName": "",
            "zoneName": "Fiji"
          },
          "FK": {
            "countryName": "",
            "zoneName": "Falkland Islands"
          },
          "FM": {
            "countryName": "",
            "zoneName": "Micronesia"
          },
          "FO": {
            "countryName": "",
            "zoneName": "Faroe Islands"
          },
          "FR": {
            "countryName": "",
            "zoneName": "France"
          },
          "FR-COR": {
            "countryName": "France",
            "zoneName": "Corsica"
          },
          "GA": {
            "countryName": "",
            "zoneName": "Gabon"
          },
          "GB": {
            "countryName": "",
            "zoneName": "Great Britain"
          },
          "GB-NIR": {
            "countryName": "",
            "zoneName": "Northern Ireland"
          },
          "GD": {
            "countryName": "",
            "zoneName": "Grenada"
          },
          "GE": {
            "countryName": "",
            "zoneName": "Georgia"
          },
          "GF": {
            "countryName": "",
            "zoneName": "French Guiana"
          },
          "GG": {
            "countryName": "",
            "zoneName": "Guernsey"
          },
          "GH": {
            "countryName": "",
            "zoneName": "Ghana"
          },
          "GI": {
            "countryName": "",
            "zoneName": "Gibraltar"
          },
          "GL": {
            "countryName": "",
            "zoneName": "Greenland"
          },
          "GM": {
            "countryName": "",
            "zoneName": "Gambia"
          },
          "GN": {
            "countryName": "",
            "zoneName": "Guinea"
          },
          "GP": {
            "countryName": "",
            "zoneName": "Guadeloupe"
          },
          "GQ": {
            "countryName": "",
            "zoneName": "Equatorial Guinea"
          },
          "GR": {
            "countryName": "",
            "zoneName": "Greece"
          },
          "GS": {
            "countryName": "",
            "zoneName": "South Georgia and the South Sandwich Islands"
          },
          "GT": {
            "countryName": "",
            "zoneName": "Guatemala"
          },
          "GU": {
            "countryName": "",
            "zoneName": "Guam"
          },
          "GW": {
            "countryName": "",
            "zoneName": "Guinea-Bissau"
          },
          "GY": {
            "countryName": "",
            "zoneName": "Guyana"
          },
          "HK": {
            "countryName": "",
            "zoneName": "Hong Kong"
          },
          "HM": {
            "countryName": "",
            "zoneName": "Heard Island and McDonald Islands"
          },
          "HN": {
            "countryName": "",
            "zoneName": "Honduras"
          },
          "HR": {
            "countryName": "",
            "zoneName": "Croatia"
          },
          "HT": {
            "countryName": "",
            "zoneName": "Haiti"
          },
          "HU": {
            "countryName": "",
            "zoneName": "Hungary"
          },
          "ID": {
            "countryName": "",
            "zoneName": "Indonesia"
          },
          "IE": {
            "countryName": "",
            "zoneName": "Ireland"
          },
          "IL": {
            "countryName": "",
            "zoneName": "Israel"
          },
          "IM": {
            "countryName": "",
            "zoneName": "Isle of Man"
          },
          "IN-AN": {
            "countryName": "India",
            "zoneName": "Andaman and Nicobar Islands"
          },
          "IN-AP": {
            "countryName": "India",
            "zoneName": "Andhra Pradesh"
          },
          "IN-AR": {
            "countryName": "India",
            "zoneName": "Arunachal Pradesh"
          },
          "IN-AS": {
            "countryName": "India",
            "zoneName": "Assam"
          },
          "IN-BR": {
            "countryName": "India",
            "zoneName": "Bihar"
          },
          "IN-CT": {
            "countryName": "India",
            "zoneName": "Chhattisgarh"
          },
          "IN-DL": {
            "countryName": "India",
            "zoneName": "Delhi"
          },
          "IN-GA": {
            "countryName": "India",
            "zoneName": "Goa"
          },
          "IN-GJ": {
            "countryName": "India",
            "zoneName": "Gujarat"
          },
          "IN-HP": {
            "countryName": "India",
            "zoneName": "Himachal Pradesh"
          },
          "IN-HR": {
            "countryName": "India",
            "zoneName": "Haryana"
          },
          "IN-JH": {
            "countryName": "India",
            "zoneName": "Jharkhand"
          },
          "IN-JK": {
            "countryName": "India",
            "zoneName": "Jammu and Kashmir"
          },
          "IN-KA": {
            "countryName": "India",
            "zoneName": "Karnataka"
          },
          "IN-KL": {
            "countryName": "India",
            "zoneName": "Kerala"
          },
          "IN-MH": {
            "countryName": "India",
            "zoneName": "Maharashtra"
          },
          "IN-ML": {
            "countryName": "India",
            "zoneName": "Meghalaya"
          },
          "IN-MN": {
            "countryName": "India",
            "zoneName": "Manipur"
          },
          "IN-MP": {
            "countryName": "India",
            "zoneName": "Madhya Pradesh"
          },
          "IN-MZ": {
            "countryName": "India",
            "zoneName": "Mizoram"
          },
          "IN-NL": {
            "countryName": "India",
            "zoneName": "Nagaland"
          },
          "IN-OR": {
            "countryName": "India",
            "zoneName": "Orissa"
          },
          "IN-PB": {
            "countryName": "India",
            "zoneName": "Punjab"
          },
          "IN-PY": {
            "countryName": "India",
            "zoneName": "Pondicherry"
          },
          "IN-RJ": {
            "countryName": "India",
            "zoneName": "Rajasthan"
          },
          "IN-SK": {
            "countryName": "India",
            "zoneName": "Sikkim"
          },
          "IN-TL": {
            "countryName": "India",
            "zoneName": "Tamil Nadu"
          },
          "IN-TR": {
            "countryName": "India",
            "zoneName": "Tripura"
          },
          "IN-UP": {
            "countryName": "India",
            "zoneName": "Uttar Pradesh"
          },
          "IN-UT": {
            "countryName": "India",
            "zoneName": "Uttarakhand"
          },
          "IN-WB": {
            "countryName": "India",
            "zoneName": "West Bengal"
          },
          "IO": {
            "countryName": "",
            "zoneName": "British Indian Ocean Territory"
          },
          "IQ": {
            "countryName": "",
            "zoneName": "Iraq"
          },
          "IR": {
            "countryName": "",
            "zoneName": "Iran"
          },
          "IS": {
            "countryName": "",
            "zoneName": "Iceland"
          },
          "IT": {
            "countryName": "",
            "zoneName": "Italy"
          },
          "JE": {
            "countryName": "",
            "zoneName": "Jersey"
          },
          "JM": {
            "countryName": "",
            "zoneName": "Jamaica"
          },
          "JO": {
            "countryName": "",
            "zoneName": "Jordan"
          },
          "JP": {
            "countryName": "",
            "zoneName": "Japan"
          },
          "KE": {
            "countryName": "",
            "zoneName": "Kenya"
          },
          "KG": {
            "countryName": "",
            "zoneName": "Kyrgyzstan"
          },
          "KH": {
            "countryName": "",
            "zoneName": "Cambodia"
          },
          "KI": {
            "countryName": "",
            "zoneName": "Kiribati"
          },
          "KM": {
            "countryName": "",
            "zoneName": "Comoros"
          },
          "KN": {
            "countryName": "",
            "zoneName": "Saint Kitts and Nevis"
          },
          "KP": {
            "countryName": "",
            "zoneName": "North Korea"
          },
          "KR": {
            "countryName": "",
            "zoneName": "South Korea"
          },
          "KW": {
            "countryName": "",
            "zoneName": "Kuwait"
          },
          "KY": {
            "countryName": "",
            "zoneName": "Cayman Islands"
          },
          "KZ": {
            "countryName": "",
            "zoneName": "Kazakhstan"
          },
          "LA": {
            "countryName": "",
            "zoneName": "Laos"
          },
          "LB": {
            "countryName": "",
            "zoneName": "Lebanon"
          },
          "LC": {
            "countryName": "",
            "zoneName": "Saint Lucia"
          },
          "LI": {
            "countryName": "",
            "zoneName": "Liechtenstein"
          },
          "LK": {
            "countryName": "",
            "zoneName": "Sri Lanka"
          },
          "LR": {
            "countryName": "",
            "zoneName": "Liberia"
          },
          "LS": {
            "countryName": "",
            "zoneName": "Lesotho"
          },
          "LT": {
            "countryName": "",
            "zoneName": "Lithuania"
          },
          "LU": {
            "countryName": "",
            "zoneName": "Luxembourg"
          },
          "LV": {
            "countryName": "",
            "zoneName": "Latvia"
          },
          "LY": {
            "countryName": "",
            "zoneName": "Libya"
          },
          "MA": {
            "countryName": "",
            "zoneName": "Morocco"
          },
          "MC": {
            "countryName": "",
            "zoneName": "Monaco"
          },
          "MD": {
            "countryName": "",
            "zoneName": "Moldova"
          },
          "ME": {
            "countryName": "",
            "zoneName": "Montenegro"
          },
          "MF": {
            "countryName": "Saint Martin",
            "zoneName": "French"
          },
          "MG": {
            "countryName": "",
            "zoneName": "Madagascar"
          },
          "MH": {
            "countryName": "",
            "zoneName": "Marshall Islands"
          },
          "MK": {
            "countryName": "Rep. of Macedonia",
            "zoneName": "FYROM"
          },
          "ML": {
            "countryName": "",
            "zoneName": "Mali"
          },
          "MM": {
            "countryName": "",
            "zoneName": "Myanmar"
          },
          "MN": {
            "countryName": "",
            "zoneName": "Mongolia"
          },
          "MO": {
            "countryName": "",
            "zoneName": "Macao"
          },
          "MP": {
            "countryName": "",
            "zoneName": "Northern Mariana Islands"
          },
          "MQ": {
            "countryName": "",
            "zoneName": "Martinique"
          },
          "MR": {
            "countryName": "",
            "zoneName": "Mauritania"
          },
          "MS": {
            "countryName": "",
            "zoneName": "Montserrat"
          },
          "MT": {
            "countryName": "",
            "zoneName": "Malta"
          },
          "MU": {
            "countryName": "",
            "zoneName": "Mauritius"
          },
          "MV": {
            "countryName": "",
            "zoneName": "Maldives"
          },
          "MW": {
            "countryName": "",
            "zoneName": "Malawi"
          },
          "MX": {
            "countryName": "",
            "zoneName": "Mexico"
          },
          "MY-EM": {
            "countryName": "Malaysia",
            "zoneName": "Borneo"
          },
          "MY-WM": {
            "countryName": "Malaysia",
            "zoneName": "Peninsula"
          },
          "MZ": {
            "countryName": "",
            "zoneName": "Mozambique"
          },
          "NA": {
            "countryName": "",
            "zoneName": "Namibia"
          },
          "NC": {
            "countryName": "",
            "zoneName": "New Caledonia"
          },
          "NE": {
            "countryName": "",
            "zoneName": "Niger"
          },
          "NF": {
            "countryName": "",
            "zoneName": "Norfolk Island"
          },
          "NG": {
            "countryName": "",
            "zoneName": "Nigeria"
          },
          "NI": {
            "countryName": "",
            "zoneName": "Nicaragua"
          },
          "NL": {
            "countryName": "",
            "zoneName": "Netherlands"
          },
          "NO": {
            "countryName": "",
            "zoneName": "Norway"
          },
          "NP": {
            "countryName": "",
            "zoneName": "Nepal"
          },
          "NR": {
            "countryName": "",
            "zoneName": "Nauru"
          },
          "NU": {
            "countryName": "",
            "zoneName": "Niue"
          },
          "NZ-NZA": {
            "countryName": "New Zealand",
            "zoneName": "Auckland Islands"
          },
          "NZ-NZC": {
            "countryName": "New Zealand",
            "zoneName": "Chatham Islands"
          },
          "NZ-NZN": {
            "countryName": "New Zealand",
            "zoneName": "North Island"
          },
          "NZ-NZS": {
            "countryName": "New Zealand",
            "zoneName": "South Island"
          },
          "OM": {
            "countryName": "",
            "zoneName": "Oman"
          },
          "PA": {
            "countryName": "",
            "zoneName": "Panama"
          },
          "PE": {
            "countryName": "",
            "zoneName": "Peru"
          },
          "PF": {
            "countryName": "",
            "zoneName": "French Polynesia"
          },
          "PG": {
            "countryName": "",
            "zoneName": "Papua New Guinea"
          },
          "PH": {
            "countryName": "",
            "zoneName": "Philippines"
          },
          "PK": {
            "countryName": "",
            "zoneName": "Pakistan"
          },
          "PL": {
            "countryName": "",
            "zoneName": "Poland"
          },
          "PM": {
            "countryName": "",
            "zoneName": "Saint Pierre and Miquelon"
          },
          "PN": {
            "countryName": "",
            "zoneName": "Pitcairn"
          },
          "PR": {
            "countryName": "",
            "zoneName": "Puerto Rico"
          },
          "PS": {
            "countryName": "",
            "zoneName": "State of Palestine"
          },
          "PT": {
            "countryName": "",
            "zoneName": "Portugal"
          },
          "PT-AC": {
            "countryName": "Portugal",
            "zoneName": "Azores"
          },
          "PT-MA": {
            "countryName": "Portugal",
            "zoneName": "Madeira"
          },
          "PW": {
            "countryName": "",
            "zoneName": "Palau"
          },
          "PY": {
            "countryName": "",
            "zoneName": "Paraguay"
          },
          "QA": {
            "countryName": "",
            "zoneName": "Qatar"
          },
          "RE": {
            "countryName": "",
            "zoneName": "Réunion"
          },
          "RO": {
            "countryName": "",
            "zoneName": "Romania"
          },
          "RS": {
            "countryName": "",
            "zoneName": "Serbia"
          },
          "RU": {
            "countryName": "",
            "zoneName": "Russia"
          },
          "RU-EU": {
            "countryName": "",
            "zoneName": "Russia"
          },
          "RU-AS": {
            "countryName": "",
            "zoneName": "Russia"
          },
          "RU-KGD": {
            "countryName": "Russia",
            "zoneName": "Kaliningrad"
          },
          "RW": {
            "countryName": "",
            "zoneName": "Rwanda"
          },
          "SA": {
            "countryName": "",
            "zoneName": "Saudi Arabia"
          },
          "SB": {
            "countryName": "",
            "zoneName": "Solomon Islands"
          },
          "SC": {
            "countryName": "",
            "zoneName": "Seychelles"
          },
          "SD": {
            "countryName": "",
            "zoneName": "Sudan"
          },
          "SE": {
            "countryName": "",
            "zoneName": "Sweden"
          },
          "SG": {
            "countryName": "",
            "zoneName": "Singapore"
          },
          "SH": {
            "countryName": "",
            "zoneName": "Saint Helena, Ascension and Tristan da Cunha"
          },
          "SI": {
            "countryName": "",
            "zoneName": "Slovenia"
          },
          "SJ": {
            "countryName": "",
            "zoneName": "Svalbard and Jan Mayen"
          },
          "SK": {
            "countryName": "",
            "zoneName": "Slovakia"
          },
          "SL": {
            "countryName": "",
            "zoneName": "Sierra Leone"
          },
          "SM": {
            "countryName": "",
            "zoneName": "San Marino"
          },
          "SN": {
            "countryName": "",
            "zoneName": "Senegal"
          },
          "SO": {
            "countryName": "",
            "zoneName": "Somalia"
          },
          "SR": {
            "countryName": "",
            "zoneName": "Suriname"
          },
          "SS": {
            "countryName": "",
            "zoneName": "South Sudan"
          },
          "ST": {
            "countryName": "",
            "zoneName": "Sao Tome and Principe"
          },
          "SV": {
            "countryName": "",
            "zoneName": "El Salvador"
          },
          "SX": {
            "countryName": "Sint Maarten",
            "zoneName": "Dutch"
          },
          "SY": {
            "countryName": "",
            "zoneName": "Syria"
          },
          "SZ": {
            "countryName": "",
            "zoneName": "Swaziland"
          },
          "TC": {
            "countryName": "",
            "zoneName": "Turks and Caicos Islands"
          },
          "TD": {
            "countryName": "",
            "zoneName": "Chad"
          },
          "TF": {
            "countryName": "",
            "zoneName": "French Southern Territories"
          },
          "TG": {
            "countryName": "",
            "zoneName": "Togo"
          },
          "TH": {
            "countryName": "",
            "zoneName": "Thailand"
          },
          "TJ": {
            "countryName": "",
            "zoneName": "Tajikistan"
          },
          "TK": {
            "countryName": "",
            "zoneName": "Tokelau"
          },
          "TL": {
            "countryName": "",
            "zoneName": "Timor-Leste"
          },
          "TM": {
            "countryName": "",
            "zoneName": "Turkmenistan"
          },
          "TN": {
            "countryName": "",
            "zoneName": "Tunisia"
          },
          "TO": {
            "countryName": "",
            "zoneName": "Tonga"
          },
          "TR": {
            "countryName": "",
            "zoneName": "Turkey"
          },
          "TT": {
            "countryName": "",
            "zoneName": "Trinidad and Tobago"
          },
          "TV": {
            "countryName": "",
            "zoneName": "Tuvalu"
          },
          "TW": {
            "countryName": "",
            "zoneName": "Taiwan"
          },
          "TZ": {
            "countryName": "",
            "zoneName": "Tanzania"
          },
          "UA": {
            "countryName": "",
            "zoneName": "Ukraine"
          },
          "UA-CR": {
            "countryName": "Crimea",
            "zoneName": "Ukraine"
          },
          "UG": {
            "countryName": "",
            "zoneName": "Uganda"
          },
          "UM": {
            "countryName": "",
            "zoneName": "United States Minor Outlying Islands"
          },
          "US": {
            "countryName": "",
            "zoneName": "United States of America"
          },
          "US-CA": {
            "countryName": "United States of America",
            "zoneName": "California"
          },
          "US-IPC": {
            "countryName": "United States of America",
            "zoneName": "IPC"
          },
          "US-MISO": {
            "countryName": "United States of America",
            "zoneName": "MISO"
          },
          "US-NEISO": {
            "countryName": "United States of America",
            "zoneName": "New England"
          },
          "US-NY": {
            "countryName": "United States of America",
            "zoneName": "New York"
          },
          "US-PJM": {
            "countryName": "United States of America",
            "zoneName": "PJM"
          },
          "US-SPP": {
            "countryName": "United States of America",
            "zoneName": "SPP"
          },
          "US-HI": {
            "countryName": "",
            "zoneName": "Hawaii"
          },
          "UY": {
            "countryName": "",
            "zoneName": "Uruguay"
          },
          "UZ": {
            "countryName": "",
            "zoneName": "Uzbekistan"
          },
          "VA": {
            "countryName": "",
            "zoneName": "Vatican City"
          },
          "VC": {
            "countryName": "",
            "zoneName": "Saint Vincent and the Grenadines"
          },
          "VE": {
            "countryName": "",
            "zoneName": "Venezuela"
          },
          "VG": {
            "countryName": "Virgin Islands",
            "zoneName": "Virgin Islands"
          },
          "VI": {
            "countryName": "United States of America",
            "zoneName": "Virgin Islands"
          },
          "VN": {
            "countryName": "",
            "zoneName": "Vietnam"
          },
          "VU": {
            "countryName": "",
            "zoneName": "Vanuatu"
          },
          "WF": {
            "countryName": "",
            "zoneName": "Wallis and Futuna"
          },
          "WS": {
            "countryName": "",
            "zoneName": "Samoa"
          },
          "XX": {
            "countryName": "",
            "zoneName": "Northern Cyprus"
          },
          "YE": {
            "countryName": "",
            "zoneName": "Yemen"
          },
          "YT": {
            "countryName": "",
            "zoneName": "Mayotte"
          },
          "ZA": {
            "countryName": "",
            "zoneName": "South Africa"
          },
          "ZM": {
            "countryName": "",
            "zoneName": "Zambia"
          },
          "ZW": {
            "countryName": "",
            "zoneName": "Zimbabwe"
          }
    }
}
