{
    "panel-initial-text": {
        "thisproject": "Ten projekt jest",
        "opensource": "Open Source",
        "see": "zobacz",
        "datasources": "źródła danych",
        "contribute": "Pomóż nam <a href=\"%s\" target=\"_blank\">dodając więcej regionów</a>"
    },
    "mobile-main-menu": {
        "map": "electricityMap",
        "areas": "Obszary",
        "about": "O nas"
    },
    "onboarding-modal": {
        "view1": {
            "subtitle": "Obrazujemy wpływ produkcji energii elektrycznej na klimat"
        },
        "view2": {
            "header": "Zobacz ile CO₂ jest aktualnie emitowane podczas produkcji twojej energii elektrycznej, w czasie rzeczywistym",
            "text": "Regiony świata są kolorowane według intensywności emisji CO₂ (uwzględniając wszystkie gazy cieplarniane) zużywanej tam energii elektrycznej. Im bardziej zielony jest kolor, tym bardziej przyjazna jest energia elektryczna dla klimatu."
        },
        "view3": {
            "header": "Dowiedz się skąd pochodzi twój prąd",
            "text": "Strzałki na mapie wskazują przepływy energii elektrycznej pomiędzy różnymi obszarami. Kliknij obszar, aby zobaczyć więcej informacji o pochodzeniu jego energii elektrycznej."
        },
        "view4": {
            "header": "Warunki wiatrowe i słoneczne w czasie rzeczywistym",
            "text": "Produkcja energii wiatrowej i słonecznej zależy od pogody. Naćiśnij przyciski \"wiatr\" i \"słońce\", aby wyświetlić siłę wiatru i nasłonecznienie w czasie rzeczywistym na całym świecie."
        }
    },
    "country-panel": {
        "source": "źródło",
        "carbonintensity": "Emisja CO₂",
        "lowcarbon": "Niskoemisyjne",
        "renewable": "Odnawialne",
        "electricityproduction": "Produkcja energii elektrycznej",
        "bysource": "według źródeł energii",
        "emissions": "Emisje CO₂",
        "addeditsource": "<a href=\"%s\" target=\"_blank\">dodaj lub zmień źródło</a>",
        "helpfrom": "z wkładem",
        "electricityconsumption": "Zużycie energii elektrycznej",
        "noDataAtTimestamp": "Dla wybranego okresu dane są tymczasowo niedostępne",
        "noLiveData": "Dane na żywo są tymczasowo niedostępne dla tego obszaru",
        "noParserInfo": "Nie posiadamy jeszcze żadnych informacji o tym obszarze.<br/> Chcesz pomóc? Możesz to zrobić <a href=\"%s\" target=\"_blank\">dodając dane dla obszaru</a>.",
        "now": "Obecnie"
    },
    "left-panel": {
        "zone-list-header-title": "Wpływ na klimat według obszaru",
        "zone-list-header-subtitle": "według emisji CO₂ poprzez wytwarzanie energii elektrycznej (gCO₂eq/kWh)",
        "search": "Szukaj"
    },
    "country-history": {
        "carbonintensity24h": "Emisja CO₂ w ciągu ostatnich 24 godzin",
        "emissionsorigin24h": "Źródła emisji CO₂ w ciągu ostatnich 24 godzin",
        "electricityorigin24h": "Źródła energii elektrycznej w ciągu ostatnich 24 godzin",
        "electricityprices24h": "Ceny energii elektrycznej w ciągu ostatnich 24 godzin",
        "emissions24h": "Emisja w ciągu ostatnich 24 godzin",
        "emissionsproduction24h": "Emisja wyprodukowana w ciągu ostatnich 24 godzin",
        "electricityproduction24h": "Energia elektryczna wyprodukowana w ciągu ostatnich 24 godzin",
        "Getdata": "Uzyskaj dane godzinowe, bieżące oraz prognozy za pomocą API electricityMap"
    },
    "footer": {
        "foundbugs": "Znalazłeś błąd lub masz własny pomysł? Daj nam znać",
        "here": "tutaj",
        "faq-text": "Coś jest niejasne? Sprawdź nasze",
        "faq": "najczęściej zadawane pytania."
    },
    "legends": {
        "windpotential": "Potencjał wiatrowy",
        "solarpotential": "Potencjał słoneczny",
        "colorblindmode": "tryb bezbarwny",
        "carbonintensity": "Emisja CO₂"
    },
    "tooltips": {
        "carbonintensity": "Emisja CO₂",
        "lowcarbon": "Niskoemisyjne źródła energii",
        "renewable": "Odnawialne źródła energii",
        "crossborderexport": "Eksport",
        "carbonintensityexport": "Emisja CO₂ eksportu",
        "ofinstalled": "zainstalowanej mocy",
        "utilizing": "wykorzystując",
        "representing": "reprezentując",
        "ofemissions": "emisji",
        "withcarbonintensity": "z emisją CO₂ wynoszącą",
        "showWindLayer": "Pokaż wiatr",
        "hideWindLayer": "Schowaj wiatr",
        "showSolarLayer": "Pokaż nasłonecznienie",
        "hideSolarLayer": "Schowaj nasłonecznienie",
        "toggleDarkMode": "Włącz tryb nocny",
        "noParserInfo": "Brak danych",
        "temporaryDataOutage": "Tymczasowy brak danych",
        "production": "produkcja",
        "consumption": "konsumpcja",
        "selectLanguage": "Wybierz język"
    },
    "misc": {
        "maintitle": "Emisja CO₂ konsumpcji energii elektrycznej w czasie rzeczywistym",
        "oops": "Ups! Mamy problemy z komunikacją z serwerem. Spróbujemy ponownie za kilka sekund.",
        "newversion": "Jest dostępna nowa wersja! <a onClick=\"location.reload(true);\">Załaduj ją</a>.",
        "retrynow": "Spróbuj teraz",
        "database-ad": "Szukasz danych historycznych? <a href=\"https://data.electricitymap.org?utm_source=electricitymap.org&utm_medium=referral\" target=\"_blank\">Sprawdź Electricity Map Database!</a>",
        "api-ad": "Chcesz mieć aktualne dane w twojej aplikacji lub na urządzeniu? <a href=\"https://api.electricitymap.org?utm_source=electricitymap.org&utm_medium=referral\" target=\"_blank\">Spróbuj Electricity Map API!</a>",
        "legend": "Legenda",
        "faq": "Najczęściej Zadawane Pytania",
        "webgl-not-supported": "Nie można wyrenderować mapy, ponieważ wykorzystywana przeglądarka nie obsługuje WebGL."
    },
    "wind": "wiatrowa",
    "solar": "słoneczna",
    "hydro": "wodna",
    "hydro storage": "szczytowo-pompowa",
    "battery storage": "baterie",
    "biomass": "biomasa",
    "nuclear": "jądrowa",
    "geothermal": "geotermalna",
    "gas": "gazowa",
    "coal": "węglowa",
    "oil": "naftowa",
    "unknown": "nieznana",

    "electricityComesFrom": "<img id=\"country-flag\"></img> <b>%2$s</b>: produkcja %3$s tworzy <b>%1$s %%</b> energii elektrycznej",
    "emissionsComeFrom": "<img id=\"country-flag\"></img> <b>%2$s</b>: produkcja %3$s tworzy <b>%1$s %%</b> emisji",
    "electricityStoredUsing": "<img id=\"country-flag\"></img> <b>%2$s</b>: %3$s przetrzymywują <b>%1$s %%</b> energii elektrycznej",
    "emissionsStoredUsing": "<img id=\"country-flag\"></img> <b>%2$s</b>: %3$s przetrzymywują <b>%1$s %%</b> emisji",

    "electricityExportedTo": "<img id=\"country-flag\"></img> <b>%2$s</b>: <b>%1$d %%</b> energii elektrycznej jest eksportowane do <img id=\"country-exchange-flag\"></img> <b>%3$s</b>",
    "emissionsExportedTo": "<img id=\"country-flag\"></img> <b>%2$s</b>: <b>%1$d %%</b> emisji jest eksportowane do <img id=\"country-exchange-flag\"></img> <b>%3$s</b>",
    "electricityImportedFrom": "<img id=\"country-flag\"></img> <b>%2$s</b>: <b>%1$d %%</b> energii elektrycznej jest importowane z <img id=\"country-exchange-flag\"></img> <b>%3$s</b>",
    "emissionsImportedFrom": "<img id=\"country-flag\"></img> <b>%2$s</b>: <b>%1$d %%</b> emisji jest importowane z <img id=\"country-exchange-flag\"></img> <b>%3$s</b>",

    "ofCO2eqPerMinute": "CO₂eq na minutę",

    "zoneShortName": {
        "AE": {
            "zoneName": "Zjednoczone Emiraty Arabskie"
          },
          "AL": {
            "zoneName": "Albania"
          },
          "AF": {
            "zoneName": "Afganistan"
          },
          "AR": {
            "zoneName": "Argentyna"
          },
          "AT": {
            "zoneName": "Austria"
          },
          "AUS-NSW": {
            "countryName": "Australia",
            "zoneName": "Nowa Południowa Walia"
          },
          "AUS-NT": {
            "countryName": "Australia",
            "zoneName": "Terytorium Północne"
          },
          "AUS-QLD": {
            "countryName": "Australia",
            "zoneName": "Queensland"
          },
          "AUS-SA": {
            "countryName": "Australia",
            "zoneName": "Australia Południowa"
          },
          "AUS-TAS": {
            "countryName": "Australia",
            "zoneName": "Tasmania"
          },
          "AUS-VIC": {
            "countryName": "Australia",
            "zoneName": "Wiktoria"
          },
          "AUS-WA": {
            "countryName": "Australia",
            "zoneName": "Australia Zachodnia"
          },
          "AX": {
            "zoneName": "Wyspy Alandzkie"
          },
          "AZ": {
            "zoneName": "Azerbejdżan"
          },
          "BA": {
            "zoneName": "Bośnia i Hercegowina"
          },
          "BD": {
            "zoneName": "Bangladesz"
          },
          "BE": {
            "zoneName": "Belgia"
          },
          "BG": {
            "zoneName": "Bułgaria"
          },
          "BH": {
            "zoneName": "Bahrajn"
          },
          "BO": {
            "zoneName": "Boliwia"
          },
          "BR-CS": {
            "countryName": "Brazylia",
            "zoneName": "Brazylia centralna"
          },
          "BR-N": {
            "countryName": "Brazylia",
            "zoneName": "Brazylia północna"
          },
          "BR-NE": {
            "countryName": "Brazylia",
            "zoneName": "Brazylia północno-wschodnia"
          },
          "BR-S": {
            "countryName": "Brazylia",
            "zoneName": "Brazylia południowa"
          },
          "BY": {
            "zoneName": "Białoruś"
          },
          "CA-AB": {
            "countryName": "Kanada",
            "zoneName": "Alberta"
          },
          "CA-BC": {
            "countryName": "Kanada",
            "zoneName": "Kolumbia Brytyjska"
          },
          "CA-MB": {
            "countryName": "Kanada",
            "zoneName": "Manitoba"
          },
          "CA-NL": {
            "countryName": "Kanada",
            "zoneName": "Nowa Fundlandia i Labrador"
          },
          "CA-NB": {
            "countryName": "Kanada",
            "zoneName": "Nowy Brunszwik"
          },
          "CA-NT": {
            "countryName": "Kanada",
            "zoneName": "Terytoria Północno-Zachodnie"
          },
          "CA-NS": {
            "countryName": "Kanada",
            "zoneName": "Nowa Szkocja"
          },
          "CA-NU": {
            "countryName": "Kanada",
            "zoneName": "Nunavut"
          },
          "CA-ON": {
            "countryName": "Kanada",
            "zoneName": "Ontario"
          },
          "CA-PE": {
            "countryName": "Kanada",
            "zoneName": "Wyspa Księcia Edwarda"
          },
          "CA-QC": {
            "countryName": "Kanada",
            "zoneName": "Quebec"
          },
          "CA-SK": {
            "countryName": "Kanada",
            "zoneName": "Saskatchewan"
          },
          "CA-YT": {
            "countryName": "Kanada",
            "zoneName": "Jukon"
          },
          "CD": {
            "zoneName": "Demokratyczna Republika Konga"
          },
          "CF": {
            "zoneName": "Republika Środkowoafrykańska"
          },
          "CG": {
            "zoneName": "Kongo"
          },
          "CH": {
            "zoneName": "Szwajcaria"
          },
          "CI": {
            "zoneName": "Wybrzeże Kości Słoniowej"
          },
          "CL": {
            "zoneName": "Chile"
          },
          "CM": {
            "zoneName": "Kamerun"
          },
          "CN": {
            "zoneName": "Chiny"
          },
          "CO": {
            "zoneName": "Kolumbia"
          },
          "CR": {
            "zoneName": "Kostaryka"
          },
          "CU": {
            "zoneName": "Kuba"
          },
          "CV": {
            "zoneName": "Republika Zielonego Przylądka"
          },
          "CZ": {
            "zoneName": "Czechy"
          },
          "DE": {
            "zoneName": "Niemcy"
          },
          "DJ": {
            "zoneName": "Dżibuti"
          },
          "DK": {
            "zoneName": "Dania"
          },
          "DK-DK1": {
            "countryName": "Dania",
            "zoneName": "Dania zachodnia"
          },
          "DK-DK2": {
            "countryName": "Denmark",
            "zoneName": "Dania wschodnia"
          },
          "DK-BHM": {
            "countryName": "Dania",
            "zoneName": "Bornholm"
          },
          "DO": {
            "zoneName": "Dominikana"
          },
          "DZ": {
            "zoneName": "Algieria"
          },
          "EC": {
            "zoneName": "Ekwador"
          },
          "EE": {
            "zoneName": "Estonia"
          },
          "EG": {
            "zoneName": "Egipt"
          },
          "EH": {
            "zoneName": "Sahara Zachodnia"
          },
          "ER": {
            "zoneName": "Erytrea"
          },
          "ES": {
            "zoneName": "Hiszpania"
          },
          "ES-IB": {
            "countryName": "Hiszpania",
            "zoneName": "Baleary"
          },
          "ES-IB-ML": {
            "countryName": "Hiszpania",
            "zoneName": "Majorka"
          },
          "ES-IB-MN": {
            "countryName": "Hiszpania",
            "zoneName": "Minorka"
          },
          "ES-IB-IB": {
            "countryName": "Hiszpania",
            "zoneName": "Ibiza"
          },
          "ES-IB-FM": {
            "countryName": "Hiszpania",
            "zoneName": "Formentera"
          },
          "ES-CN-FVLZ": {
            "countryName": "Hiszpania",
            "zoneName": "Fuerteventura i Lanzarote"
          },
          "ES-CN-GC": {
            "countryName": "Hiszpania",
            "zoneName": "Gran Canaria"
          },
          "ES-CN-HI": {
            "countryName": "Hiszpania",
            "zoneName": "El Hierro"
          },
          "ES-CN-IG": {
            "countryName": "Hiszpania",
            "zoneName": "La Gomera"
          },
          "ES-CN-LP": {
            "countryName": "Hiszpania",
            "zoneName": "La Palma"
          },
          "ES-CN-TE": {
            "countryName": "Hiszpania",
            "zoneName": "Teneryfa"
          },
          "ET": {
            "zoneName": "Etiopia"
          },
          "FI": {
            "zoneName": "Finlandia"
          },
          "FO": {
            "zoneName": "Wyspy Owcze"
          },
          "FR": {
            "zoneName": "Francja"
          },
          "FR-COR": {
            "countryName": "Francja",
            "zoneName": "Korsyka"
          },
          "GB": {
            "zoneName": "Wielka Brytania"
          },
          "GB-NIR": {
            "zoneName": "Irlandia Północna"
          },
          "GE": {
            "zoneName": "Gruzja"
          },
          "GF": {
            "zoneName": "Gujana Francuska"
          },
          "GL": {
            "zoneName": "Grenlandia"
          },
          "GN": {
            "zoneName": "Gwinea"
          },
          "GQ": {
            "zoneName": "Gwinea Równikowa"
          },
          "GR": {
            "zoneName": "Grecja"
          },
          "GR-IS": {
            "countryName": "Grecja",
            "zoneName": "Wyspy Egejskie"
          },
          "GT": {
            "zoneName": "Gwatemala"
          },
          "GW": {
            "zoneName": "Gwinea Bissau"
          },
          "GY": {
            "zoneName": "Gujana"
          },
          "HN": {
            "zoneName": "Honduras"
          },
          "HR": {
            "zoneName": "Chorwacja"
          },
          "HU": {
            "zoneName": "Węgry"
          },
          "ID": {
            "zoneName": "Indonezja"
          },
          "IE": {
            "zoneName": "Irlandia"
          },
          "IL": {
            "zoneName": "Izrael"
          },
          "IN-AN": {
            "countryName": "Indie",
            "zoneName": "Andamany i Nikobary"
          },
          "IN-AP": {
            "countryName": "Indie",
            "zoneName": "Andhra Pradesh"
          },
          "IN-AR": {
            "countryName": "Indie",
            "zoneName": "Arunachal Pradesh"
          },
          "IN-AS": {
            "countryName": "Indie",
            "zoneName": "Asam"
          },
          "IN-BR": {
            "countryName": "Indie",
            "zoneName": "Bihar"
          },
          "IN-CT": {
            "countryName": "Indie",
            "zoneName": "Chhattisgarh"
          },
          "IN-DL": {
            "countryName": "Indie",
            "zoneName": "Delhi"
          },
          "IN-GA": {
            "countryName": "Indie",
            "zoneName": "Goa"
          },
          "IN-GJ": {
            "countryName": "Indie",
            "zoneName": "Gudźarat"
          },
          "IN-HP": {
            "countryName": "Indie",
            "zoneName": "Himachal Pradesh"
          },
          "IN-HR": {
            "countryName": "Indie",
            "zoneName": "Hariana"
          },
          "IN-JH": {
            "countryName": "Indie",
            "zoneName": "Jharkhand"
          },
          "IN-JK": {
            "countryName": "Indie",
            "zoneName": "Dżammu i Kaszmir"
          },
          "IN-KA": {
            "countryName": "Indie",
            "zoneName": "Karnataka"
          },
          "IN-KL": {
            "countryName": "Indie",
            "zoneName": "Kerala"
          },
          "IN-MH": {
            "countryName": "Indie",
            "zoneName": "Maharasztra"
          },
          "IN-ML": {
            "countryName": "Indie",
            "zoneName": "Meghalaya"
          },
          "IN-MN": {
            "countryName": "Indie",
            "zoneName": "Manipur"
          },
          "IN-MP": {
            "countryName": "Indie",
            "zoneName": "Madhya Pradesh"
          },
          "IN-MZ": {
            "countryName": "Indie",
            "zoneName": "Mizoram"
          },
          "IN-NL": {
            "countryName": "Indie",
            "zoneName": "Nagaland"
          },
          "IN-OR": {
            "countryName": "Indie",
            "zoneName": "Orisa"
          },
          "IN-PB": {
            "countryName": "Indie",
            "zoneName": "Pendżab"
          },
          "IN-PY": {
            "countryName": "Indie",
            "zoneName": "Puducherry"
          },
          "IN-RJ": {
            "countryName": "Indie",
            "zoneName": "Radżastan"
          },
          "IN-SK": {
            "countryName": "Indie",
            "zoneName": "Sikkim"
          },
          "IN-TL": {
            "countryName": "Indie",
            "zoneName": "Tamilnadu"
          },
          "IN-TR": {
            "countryName": "Indie",
            "zoneName": "Tripura"
          },
          "IN-UP": {
            "countryName": "Indie",
            "zoneName": "Uttar Pradesh"
          },
          "IN-UT": {
            "countryName": "Indie",
            "zoneName": "Uttarakhand"
          },
          "IN-WB": {
            "countryName": "Indie",
            "zoneName": "Bengal Zachodni"
          },
          "IO": {
            "zoneName": "Brytyjskie Terytorium Oceanu Indyjskiego"
          },
          "IQ": {
            "zoneName": "Irak"
          },
          "IS": {
            "zoneName": "Islandia"
          },
          "IT": {
            "zoneName": "Włochy"
          },
          "IT-CNO": {
            "countryName": "Włochy",
            "zoneName": "Centralna północ"
          },
          "IT-CSO": {
            "countryName": "Włochy",
            "zoneName": "Centralne południe"
          },
          "IT-NO": {
            "countryName": "Włochy",
            "zoneName": "Północ"
          },
          "IT-SAR": {
            "countryName": "Włochy",
            "zoneName": "Sardynia"
          },
          "IT-SIC": {
            "countryName": "Włochy",
            "zoneName": "Sycylia"
          },
          "IT-SO": {
            "countryName": "Włochy",
            "zoneName": "Południe"
          },
          "JE": {
            "zoneName": "Jersey"
          },
          "JM": {
            "zoneName": "Jamajka"
          },
          "JO": {
            "zoneName": "Jordania"
          },
          "JP": {
            "zoneName": "Japonia"
          },
          "JP-CB": {
            "countryName": "Japonia",
            "zoneName": "Region Chūbu"
          },
          "JP-CG": {
            "countryName": "Japonia",
            "zoneName": "Region Chūgoku"
          },
          "JP-HKD": {
            "countryName": "Japonia",
            "zoneName": "Hokkaido"
          },
          "JP-HR": {
            "countryName": "Japonia",
            "zoneName": "Region Hokuriku"
          },
          "JP-KN": {
            "countryName": "Japonia",
            "zoneName": "Kansai"
          },
          "JP-KY": {
            "countryName": "Japonia",
            "zoneName": "Kiusiu"
          },
          "JP-ON": {
            "countryName": "Japonia",
            "zoneName": "Okinawa"
          },
          "JP-SK": {
            "countryName": "Japonia",
            "zoneName": "Sikoku"
          },
          "JP-TH": {
            "countryName": "Japonia",
            "zoneName": "Region Tōhoku"
          },
          "JP-TK": {
            "countryName": "Japonia",
            "zoneName": "Tokio"
          },
          "KE": {
            "zoneName": "Kenia"
          },
          "KG": {
            "zoneName": "Kirgistan"
          },
          "KH": {
            "zoneName": "Kambodża"
          },
          "KI": {
            "zoneName": "Kiribati"
          },
          "KM": {
            "zoneName": "Komory"
          },
          "KP": {
            "zoneName": "Korea Północna"
          },
          "KR": {
            "zoneName": "Korea Południowa"
          },
          "KW": {
            "zoneName": "Kuwejt"
          },
          "KZ": {
            "zoneName": "Kazachstan"
          },
          "LB": {
            "zoneName": "Liban"
          },
          "LT": {
            "zoneName": "Litwa"
          },
          "LU": {
            "zoneName": "Luksemburg"
          },
          "LV": {
            "zoneName": "Łotwa"
          },
          "LY": {
            "zoneName": "Libia"
          },
          "MA": {
            "zoneName": "Maroko"
          },
          "MD": {
            "zoneName": "Mołdawia"
          },
          "ME": {
            "zoneName": "Czarnogóra"
          },
          "MG": {
            "zoneName": "Madagaskar"
          },
          "MH": {
            "zoneName": "Wyspy Marshalla"
          },
          "MK": {
            "zoneName": "Macedonia Północna"
          },
          "MM": {
            "zoneName": "Mjanma"
          },
          "MO": {
            "zoneName": "Makau"
          },
          "MP": {
            "zoneName": "Mariany Północne"
          },
          "MP": {
            "zoneName": "Martynika"
          },
          "MR": {
            "zoneName": "Mauretania"
          },
          "MT": {
            "zoneName": "Malta"
          },
          "MV": {
            "zoneName": "Malediwy"
          },
          "MX": {
            "zoneName": "Meksyk"
          },
          "MX-BC": {
            "countryName": "Meksyk",
            "zoneName": "Kalifornia Dolna"
          },
          "MX-CE": {
            "countryName": "Meksyk",
            "zoneName": "Meksyk Centralny"
          },
          "MX-NE": {
            "countryName": "Meksyk",
            "zoneName": "Meksyk Północno Wschodni"
          },
          "MX-NO": {
            "countryName": "Meksyk",
            "zoneName": "Meksyk Północny"
          },
          "MX-NW": {
            "countryName": "Meksyk",
            "zoneName": "Meksyk Północno zachodni"
          },
          "MX-OC": {
            "countryName": "Meksyk",
            "zoneName": "Meksyk Zachodni"
          },
          "MX-OR": {
            "countryName": "Meksyk",
            "zoneName": "Meksyk Południowo Zachoni"
          },
          "MX-PN": {
            "countryName": "Meksyk",
            "zoneName": "Meksyk Południowo Wschodni"
          },
          "MY-EM": {
            "countryName": "Malezja",
            "zoneName": "Borneo"
          },
          "MY-WM": {
            "countryName": "Malezja",
            "zoneName": "Malezja zachodnia"
          },
          "MZ": {
            "zoneName": "Mozambik"
          },
          "NC": {
            "zoneName": "Nowa Kaledonia"
          },
          "NF": {
            "zoneName": "Wyspa Norfolk"
          },
          "NI": {
            "zoneName": "Nikaragua"
          },
          "NKR": {
            "zoneName": "Nagorno-Karabakh"
          },
          "NL": {
            "zoneName": "Holandia"
          },
          "NO": {
            "zoneName": "Norwegia"
          },
          "NO-NO1": {
            "countryName": "Norwegia",
            "zoneName": "Norwegia południowo-wschodnia"
          },
          "NO-NO2": {
            "countryName": "Norwegia",
            "zoneName": "Norwegia południowo-zachodnia"
          },
          "NO-NO3": {
            "countryName": "Norwegia",
            "zoneName": "Norwegia środkowa"
          },
          "NO-NO4": {
            "countryName": "Norwegia",
            "zoneName": "Norwegia północna"
          },
          "NO-NO5": {
            "countryName": "Norwegia",
            "zoneName": "Norwegia zachodnia"
          },
          "NZ-NZA": {
            "countryName": "Nowa Zelandia",
            "zoneName": "Wyspy Auckland"
          },
          "NZ-NZC": {
            "countryName": "Nowa Zelandia",
            "zoneName": "Wyspy Chatham"
          },
          "NZ-NZN": {
            "countryName": "Nowa Zelandia",
            "zoneName": "Wyspa Północna"
          },
          "NZ-NZS": {
            "countryName": "Nowa Zelandia",
            "zoneName": "Wyspa Południowa"
          },
          "NZ-NZST": {
            "countryName": "Nowa Zelandia",
            "zoneName": "Wyspa Stewart"
          },
          "PA": {
            "zoneName": "Panama"
          },
          "PE": {
            "zoneName": "Peru"
          },
          "PG": {
            "zoneName": "Papua-Nowa Gwinea"
          },
          "PH": {
            "zoneName": "Filipiny"
          },
          "PL": {
            "zoneName": "Polska"
          },
          "PM": {
            "zoneName": "Saint-Pierre i Miquelon"
          },
          "PS": {
            "zoneName": "Palestyna"
          },
          "PT": {
            "zoneName": "Portugalia"
          },
          "PT-AC": {
            "countryName": "Portugalia",
            "zoneName": "Azory"
          },
          "PT-MA": {
            "countryName": "Portugalia",
            "zoneName": "Madera"
          },
          "PY": {
            "zoneName": "Paragwaj"
          },
          "QA": {
            "zoneName": "Katar"
          },
          "RO": {
            "zoneName": "Rumunia"
          },
          "RS": {
            "zoneName": "Serbia"
          },
          "RU": {
            "zoneName": "Rosja"
          },
          "RU-EU": {
            "zoneName": "Rosja"
          },
          "RU-AS": {
            "zoneName": "Rosja"
          },
          "RU-FE": {
            "countryName": "Rosja",
            "zoneName": "Rosyjski Daleki Wschód"
          },
          "RU-1": {
            "countryName": "Rosja",
            "zoneName": "Rosja europejska i Ural"
          },
          "RU-2": {
            "countryName": "Rosja",
            "zoneName": "Syberia"
          },
          "RU-KGD": {
            "countryName": "Rosja",
            "zoneName": "Kaliningrad"
          },
          "SA": {
            "zoneName": "Arabia Saudyjska"
          },
          "SE": {
            "zoneName": "Szwecja"
          },
          "SG": {
            "zoneName": "Singapur"
          },
          "SI": {
            "zoneName": "Słowenia"
          },
          "SJ": {
            "zoneName": "Svalbard i Jan Mayen"
          },
          "SK": {
            "zoneName": "Słowacja"
          },
          "SR": {
            "zoneName": "Surinam"
          },
          "SS": {
            "zoneName": "Sudan Południowy"
          },
          "ST": {
            "zoneName": "Wyspy Świętego Tomasza i Książęca"
          },
          "SV": {
            "zoneName": "Salwador"
          },
          "SZ": {
            "zoneName": "Suazi"
          },
          "TD": {
            "zoneName": "Czad"
          },
          "TJ": {
            "zoneName": "Tadżykistan"
          },
          "TL": {
            "zoneName": "Timor Wschodni"
          },
          "TH": {
            "zoneName": "Tajlandia"
          },
          "TN": {
            "zoneName": "Tunezja"
          },
          "TR": {
            "zoneName": "Turcja"
          },
          "TT": {
            "zoneName": "Trynidad i Tobago"
          },
          "TW": {
            "zoneName": "Tajwan"
          },
          "UA": {
            "zoneName": "Ukraina"
          },
          "US": {
            "zoneName": "Stany Zjednoczone Ameryki"
          },
          "US-AK": {
            "countryName": "Stany Zjednoczone Ameryki",
            "zoneName": "Alaska"
          },
          "US-BPA": {
            "countryName": "Stany Zjednoczone Ameryki",
            "zoneName": "sieć BPA"
          },
          "US-CA": {
            "countryName": "Stany Zjednoczone Ameryki",
            "zoneName": "Kalifornia"
          },
          "US-IPC": {
            "countryName": "Stany Zjednoczone Ameryki",
            "zoneName": "sieć IPC"
          },
          "US-MISO": {
            "countryName": "Stany Zjednoczone Ameryki",
            "zoneName": "sieć MISO"
          },
          "US-NEISO": {
            "countryName": "Stany Zjednoczone Ameryki",
            "zoneName": "Nowa Anglia"
          },
          "US-NY": {
            "countryName": "Stany Zjednoczone Ameryki",
            "zoneName": "Nowy Jork"
          },
          "US-PJM": {
            "countryName": "Stany Zjednoczone Ameryki",
            "zoneName": "sieć PJM"
          },
          "US-SPP": {
            "countryName": "Stany Zjednoczone Ameryki",
            "zoneName": "sieć SPP"
          },
          "US-HI": {
            "countryName": "Stany Zjednoczone Ameryki",
            "zoneName": "Hawaje"
          },
          "UY": {
            "zoneName": "Urugwaj"
          },
          "VE": {
            "zoneName": "Wenezuela"
          },
          "VN": {
            "zoneName": "Wietnam"
          },
          "YE": {
            "zoneName": "Jemen"
          },
          "ZA": {
            "zoneName": "Południowa Afryka"
          },
          "ZM": {
            "zoneName": "Zambia"
          },
          "ZW": {
            "zoneName": "Zimbabwe"
          },
          "AD": {
              "zoneName": "Andora"
          },
          "AG": {
              "zoneName": "Antigua i Barbuda"
          },
          "AI": {
              "zoneName": "Anguilla"
          },
          "AM": {
              "zoneName": "Armenia"
          },
          "AO": {
              "zoneName": "Angola"
          },
          "AQ": {
              "zoneName": "Antarktyka"
          },
          "AS": {
              "zoneName": "Samoa Amerykańskie"
          },
          "AUS-TAS-KI": {
              "countryName": "Tasmania"
          },
          "AW": {
              "zoneName": "Aruba"
          },
          "BB": {
              "zoneName": "Barbados"
          },
          "BF": {
              "zoneName": "Burkina Faso"
          },
          "BI": {
              "zoneName": "Burundi"
          },
          "BJ": {
              "zoneName": "Benin"
          },
          "BM": {
              "zoneName": "Bermudy"
          },
          "BN": {
              "zoneName": "Brunei"
          },
          "BQ": {
              "zoneName": "Holandia Karaibska"
          },
          "BS": {
              "zoneName": "Bahamy"
          },
          "BT": {
              "zoneName": "Bhutan"
          },
          "BV": {
              "zoneName": "Wyspa Bouveta"
          },
          "BW": {
              "zoneName": "Botswana"
          },
          "BZ": {
              "zoneName": "Belize"
          }
    },
    "theMap": {
        "groupName": "Mapa",
        "mapColors-question": "Co oznaczają kolory na mapie?",
        "mapColors-answer": "Regiony na mapie kolorujemy na podstawie ilości emitowanych gazów cieplarnianych przypadających na każdą zużytą jednostkę energii elektrycznej (jej <a href=\"#carbonIntensity\" class=\"entry-link\"> intensywności emisji dwutlenku węgla </a>). Im bardziej zielony jest kolor, tym bardziej przyjazna jest energia elektryczna dla klimatu.",
        "mapArrows-question": "Co oznaczają strzałki między regionami na mapie?",
        "mapArrows-answer": "Strzałki między regionami wskazują fizyczny przepływ (import i eksport) energii elektrycznej między nimi: Im szybciej migają, tym jest on szybszy. Przepływ energii elektrycznej jest ważny, ponieważ importując energię elektryczną z sąsiednich obszarów importujesz również emisję dwutlenku węgla związaną z jej produkcją."
    }
}

