{
  "mobile-main-menu": {
    "map": "Χάρτης",
    "areas": "Περιοχές",
    "about": "Σχετικά με εμάς"
  },
  "onboarding-modal": {
    "view1": {
      "header": "Χαρτογράφηση των κλιματικών επιπτώσεων της ηλεκτρικής ενέργειας"
    },
    "view2": {
      "header": "Δείτε πόσο CO₂ εκπέμπεται για να παραχθεί η ηλεκτρική σας ενέργεια, σε πραγματικό χρόνο.",
      "text": "Χρωματίζουμε τις περιοχές του κόσμου κατά την Ένταση Άνθρακα (συμπεριλαμβανομένων όλων των αερίων θερμοκηπίου) της ηλεκτρικής ενέργειας που καταναλώνεται εκεί. Όσο πιο πράσινο το χρώμα, τόσο πιο φιλική προς το κλίμα είναι η ηλεκτρική ενέργεια."
    },
    "view3": {
      "header": "Μάθετε από πού προέρχεται ο ηλεκτρισμός σας",
      "text": "Τα βέλη στο χάρτη υποδεικνύουν ροές ηλεκτρικής ενέργειας μεταξύ διαφορετικών περιοχών. Κάντε κλικ σε μια περιοχή για να δείτε περισσότερες πληροφορίες σχετικά με την προέλευση της ηλεκτρικής ενέργειας."
    },
    "view7": {
      "header": "Συνθήκες ανέμου και ηλιοφάνειας σε πραγματικό χρόνο",
      "text": "Η παραγωγή αιολικής και ηλιακής ενέργειας εξαρτάται από τον καιρό. Πατήστε τα κουμπιά ηλίου και ανέμου για να παρουσιάσετε την ισχύ του ανέμου και ηλιοφάνειας σε όλο τον κόσμο."
    }
  },
  "country-panel": {
    "source": "Πηγή",
    "lowcarbon": "Χαμηλών εκπομπών άνθρακα",
    "renewable": "Ανανεώσιμες",
    "helpfrom": "με συνεισφορά από",
    "noDataAtTimestamp": "Τα δεδομένα για την επιλεγμένη ώρα δεν είναι διαθέσιμα αυτή τη στιγμή",
    "noLiveData": "Τα ζωντανά δεδομένα για την περιοχή αυτή δεν είναι διαθέσιμα αυτή τη στιγμή",
    "noParserInfo": "Δεν έχουμε ακόμη πληροφορίες σχετικά με αυτή την περιοχή.<br/> Θέλετε να βοηθήσετε να το διορθώσουμε; Μπορείτε να συνεισφέρετε <a href='{{link}}' target='_blank'>προσθέτοντας δεδομένα περιοχής</a>.",
    "now": "Παρόν"
  },
  "ranking-panel": {
    "title": "Κλιματική Επίπτωση ανά Περιοχή",
    "subtitle": "Ταξινομημένο κατά ένταση άνθρακα της καταναλωθέντας ηλεκτρικής ενέργειας (gCO₂eq/kWh)",
    "search": "Αναζήτηση περιοχών"
  },
  "footer": {
    "foundbugs": "Βρήκατε σφάλματα ή έχετε ιδέες; Αναφέρετέ τα",
    "faq-text": "Κάτι είναι ασαφές; Ρίξτε μια ματιά στις",
    "here": "εδώ"
  },
  "legends": {
    "windpotential": "Δυναμικό αιολικής ενέργειας",
    "solarpotential": "Δυναμικό ηλιακής ενέργειας",
    "colorblindmode": "φιλικό προς αχρωματοψία"
  },
  "tooltips": {
    "zoneHeader": {
      "lowcarbon": "Περιλαμβάνει τις ανανεώσιμες και την πυρηνική"
    },
    "crossborderexport": "Διασυνοριακή εξαγωγή",
    "carbonintensityexport": "Ένταση άνθρακα της εξαγωγής",
    "ofinstalled": "της εγκατεστημένης ισχύς",
    "utilizing": "χρησιμοποιώντας",
    "representing": "αναπαριστώντας",
    "ofemissions": "των εκπομπών",
    "withcarbonintensity": "με ένταση άνθρακα",
    "showWindLayer": "Εμφάνιση στρώματος ανέμου",
    "hideWindLayer": "Απόκρυψη στρώματος ανέμου",
    "showSolarLayer": "Εμφάνιση στρώματος ηλιοφάνειας",
    "hideSolarLayer": "Απόκρυψη στρώματος ηλιοφάνειας",
    "changeTheme": "Εναλλαγή σκοτεινής εμφάνισης",
    "noParserInfo": "Δεν υπάρχουν διαθέσιμα δεδομένα",
    "temporaryDataOutage": "Τα ζωντανά δεδομένα δεν είναι διαθέσιμα αυτή τη στιγμή",
    "production": "παραγωγή",
    "consumption": "κατανάλωση",
    "cpinfo": "Η <b>κατανάλωση</b> λαμβάνει υπόψη τις εισαγωγές και εξαγωγές, η <b>παραγωγή</b> τις αγνοεί",
    "selectLanguage": "Επιλογή γλώσσας"
  },
  "misc": {
    "maintitle": "Ζωντανές εκπομπές CO₂ κατανάλωσης ηλεκτρικής ενέργειας"
  },
  "wind": "αιολική",
  "solar": "ηλιακή",
  "hydro": "υδροηλεκτρική",
  "hydro storage": "υδροαντλητικά φράγματα",
  "battery storage": "μπαταρίες",
  "biomass": "βιομάζα",
  "nuclear": "πυρηνική",
  "geothermal": "γεωθερμική",
  "gas": "φυσικό αέριο",
  "coal": "άνθρακας",
  "oil": "πετρέλαιο",
  "unknown": "άγνωστη",
  "theMap": {
    "groupName": "Ο χάρτης"
  },
  "mapAreas": {
    "groupName": "Περιοχές του χάρτη"
  },
  "data": {
    "groupName": "Τα δεδομένα μας"
  },
  "aboutUs": {
    "groupName": "Σχετικά με εμάς"
  },
  "zoneShortName": {
    "AD": {
      "zoneName": "Andorra"
    },
    "AE": {
      "zoneName": "Ηνωμένα Αραβικά Εμιράτα"
    },
    "AF": {
      "zoneName": "Αφγανιστάν"
    },
    "AG": {
      "zoneName": "Antigua and Barbuda"
    },
    "AL": {
      "zoneName": "Αλβανία"
    },
    "AM": {
      "zoneName": "Αρμενία"
    },
    "AO": {
      "zoneName": "Angola"
    },
    "AT": {
      "zoneName": "Αυστρία"
    },
    "AR": {
      "zoneName": "Αργεντινή"
    },
    "AU-NSW": {
      "countryName": "Αυστραλία",
      "zoneName": "New South Wales"
    },
    "AU-NT": {
      "countryName": "Αυστραλία",
      "zoneName": "Northern Territory"
    },
    "AU-QLD": {
      "countryName": "Αυστραλία",
      "zoneName": "Queensland"
    },
    "AU-SA": {
      "countryName": "Αυστραλία",
      "zoneName": "South Australia"
    },
    "AU-TAS": {
      "countryName": "Αυστραλία",
      "zoneName": "Tasmania"
    },
    "AU-TAS-KI": {
      "countryName": "Tasmania",
      "zoneName": "King Island"
    },
    "AU-VIC": {
      "countryName": "Αυστραλία",
      "zoneName": "Victoria"
    },
    "AU-WA": {
      "countryName": "Αυστραλία",
      "zoneName": "Western Australia"
    },
    "AW": {
      "zoneName": "Aruba"
    },
    "AX": {
      "zoneName": "Åland Islands"
    },
    "AZ": {
      "zoneName": "Αζερμπαϊτζάν"
    },
    "BA": {
      "zoneName": "Βοσνία και Ερζεγοβίνη"
    },
    "BB": {
      "zoneName": "Barbados"
    },
    "BD": {
      "zoneName": "Μπαγκλαντές"
    },
    "BE": {
      "zoneName": "Βέλγιο"
    },
    "BF": {
      "zoneName": "Burkina Faso"
    },
    "BG": {
      "zoneName": "Βουλγαρία"
    },
    "BH": {
      "zoneName": "Bahrain"
    },
    "BI": {
      "zoneName": "Burundi"
    },
    "BJ": {
      "zoneName": "Benin"
    },
    "BM": {
      "zoneName": "Bermuda"
    },
    "BN": {
      "zoneName": "Brunei"
    },
    "BO": {
      "zoneName": "Bolivia"
    },
    "BR": {
      "zoneName": "Βραζιλία"
    },
    "BR-CS": {
      "countryName": "Βραζιλία",
      "zoneName": "Central Brazil"
    },
    "BR-N": {
      "countryName": "Βραζιλία",
      "zoneName": "North Brazil"
    },
    "BR-NE": {
      "countryName": "Βραζιλία",
      "zoneName": "North-East Brazil"
    },
    "BR-S": {
      "countryName": "Βραζιλία",
      "zoneName": "South Brazil"
    },
    "BS": {
      "zoneName": "Μπαχάμες"
    },
    "BT": {
      "zoneName": "Bhutan"
    },
    "BW": {
      "zoneName": "Μποτσουάνα"
    },
    "BY": {
      "zoneName": "Λευκορωσία"
    },
    "BZ": {
      "zoneName": "Μπελίζ"
    },
    "CA": {
      "zoneName": "Καναδάς"
    },
    "CA-AB": {
      "countryName": "Καναδάς",
      "zoneName": "Alberta"
    },
    "CA-BC": {
      "countryName": "Καναδάς",
      "zoneName": "British Columbia"
    },
    "CA-MB": {
      "countryName": "Καναδάς",
      "zoneName": "Manitoba"
    },
    "CA-NL": {
      "countryName": "Καναδάς",
      "zoneName": "Newfoundland and Labrador"
    },
    "CA-NB": {
      "countryName": "Καναδάς",
      "zoneName": "New Brunswick"
    },
    "CA-NT": {
      "countryName": "Καναδάς",
      "zoneName": "Northwest Territories"
    },
    "CA-NS": {
      "countryName": "Καναδάς",
      "zoneName": "Nova Scotia"
    },
    "CA-NU": {
      "countryName": "Καναδάς",
      "zoneName": "Nunavut"
    },
    "CA-ON": {
      "countryName": "Καναδάς",
      "zoneName": "Ontario"
    },
    "CA-PE": {
      "countryName": "Καναδάς",
      "zoneName": "Prince Edward Island"
    },
    "CA-QC": {
      "countryName": "Καναδάς",
      "zoneName": "Québec"
    },
    "CA-SK": {
      "countryName": "Καναδάς",
      "zoneName": "Saskatchewan"
    },
    "CA-YT": {
      "countryName": "Καναδάς",
      "zoneName": "Yukon"
    },
    "CD": {
      "zoneName": "Democratic Republic of the Congo"
    },
    "CF": {
      "zoneName": "Central African Republic"
    },
    "CG": {
      "zoneName": "Κονγκό"
    },
    "CH": {
      "zoneName": "Ελβετία"
    },
    "CI": {
      "zoneName": "Ακτή Ελεφαντοστού"
    },
    "CL-SEA": {
      "countryName": "Χιλή",
      "zoneName": "Sistema Eléctrico de Aysén"
    },
    "CL-SEM": {
      "countryName": "Χιλή",
      "zoneName": "Sistema Eléctrico de Magallanes"
    },
    "CL-SEN": {
      "countryName": "Χιλή",
      "zoneName": "Sistema Eléctrico Nacional"
    },
    "CM": {
      "zoneName": "Καμερούν"
    },
    "CN": {
      "zoneName": "Κίνα"
    },
    "CO": {
      "zoneName": "Κολομβία"
    },
    "CR": {
      "zoneName": "Κόστα Ρίκα"
    },
    "CU": {
      "zoneName": "Cuba"
    },
    "CV": {
      "zoneName": "Cabo Verde"
    },
    "CW": {
      "zoneName": "Curaçao"
    },
    "CY": {
      "zoneName": "Κύπρος"
    },
    "CZ": {
      "zoneName": "Τσεχία"
    },
    "DE": {
      "zoneName": "Γερμανία"
    },
    "DJ": {
      "zoneName": "Τζιμπουτί"
    },
    "DK": {
      "zoneName": "Δανία"
    },
    "DK-DK1": {
      "countryName": "Δανία",
      "zoneName": "Δυτική Δανία"
    },
    "DK-DK2": {
      "countryName": "Δανία",
      "zoneName": "Ανατολική Δανία"
    },
    "DK-BHM": {
      "countryName": "Δανία",
      "zoneName": "Bornholm"
    },
    "DM": {
      "zoneName": "Ντομίνικα"
    },
    "DO": {
      "zoneName": "Δομινικανή Δημοκρατία"
    },
    "DZ": {
      "zoneName": "Αλγερία"
    },
    "EC": {
      "zoneName": "Εκουαδόρ"
    },
    "EE": {
      "zoneName": "Εσθονία"
    },
    "EG": {
      "zoneName": "Αίγυπτος"
    },
    "EH": {
      "zoneName": "Western Sahara"
    },
    "ER": {
      "zoneName": "Ερυθραία"
    },
    "ES": {
      "zoneName": "Ισπανία"
    },
    "ES-CE": {
      "countryName": "Ισπανία",
      "zoneName": "Ceuta"
    },
    "ES-IB-FO": {
      "countryName": "Ισπανία",
      "zoneName": "Formentera"
    },
    "ES-IB-IZ": {
      "countryName": "Ισπανία",
      "zoneName": "Ibiza"
    },
    "ES-IB-MA": {
      "countryName": "Ισπανία",
      "zoneName": "Mallorca"
    },
    "ES-IB-ME": {
      "countryName": "Ισπανία",
      "zoneName": "Menorca"
    },
    "ES-CN-FV": {
      "countryName": "Ισπανία",
      "zoneName": "Fuerteventura"
    },
    "ES-CN-LZ": {
      "countryName": "Ισπανία",
      "zoneName": "Lanzarote"
    },
    "ES-CN-GC": {
      "countryName": "Ισπανία",
      "zoneName": "Gran Canaria"
    },
    "ES-CN-HI": {
      "countryName": "Ισπανία",
      "zoneName": "El Hierro"
    },
    "ES-CN-IG": {
      "countryName": "Ισπανία",
      "zoneName": "Isla de la Gomera"
    },
    "ES-CN-LP": {
      "countryName": "Ισπανία",
      "zoneName": "La Palma"
    },
    "ES-CN-TE": {
      "countryName": "Ισπανία",
      "zoneName": "Tenerife"
    },
    "ES-ML": {
      "countryName": "Ισπανία",
      "zoneName": "Μelilla"
    },
    "ET": {
      "zoneName": "Αιθιοπία"
    },
    "FI": {
      "zoneName": "Φινλανδία"
    },
    "FJ": {
      "zoneName": "Φίτζι"
    },
    "FK": {
      "zoneName": "Falkland Islands"
    },
    "FM": {
      "zoneName": "Μικρονησία"
    },
    "FO": {
      "zoneName": "Faroe Islands"
    },
    "FR": {
      "zoneName": "Γαλλία"
    },
    "FR-COR": {
      "countryName": "Γαλλία",
      "zoneName": "Κορσική"
    },
    "GA": {
      "zoneName": "Gabon"
    },
    "GB": {
      "zoneName": "Μεγάλη Βρετανία"
    },
    "GB-NIR": {
      "zoneName": "Βόρεια Ιρλανδία"
    },
    "GB-ORK": {
      "countryName": "Μεγάλη Βρετανία",
      "zoneName": "Orkney Islands"
    },
    "GB-ZET": {
      "countryName": "Μεγάλη Βρετανία",
      "zoneName": "Shetland Islands"
    },
    "GE": {
      "zoneName": "Γεωργία"
    },
    "GF": {
      "zoneName": "French Guiana"
    },
    "GG": {
      "zoneName": "Guernsey"
    },
    "GH": {
      "zoneName": "Γκάνα"
    },
    "GI": {
      "zoneName": "Γιβραλτάρ"
    },
    "GL": {
      "zoneName": "Γροιλανδία"
    },
    "GM": {
      "zoneName": "Γκάμπια"
    },
    "GN": {
      "zoneName": "Γουινέα"
    },
    "GP": {
      "zoneName": "Γουαδελούπη"
    },
    "GQ": {
      "zoneName": "Ισημερινή Γουινέα"
    },
    "GR": {
      "zoneName": "Ελλάδα"
    },
    "GS": {
      "zoneName": "South Georgia and the South Sandwich Islands"
    },
    "GT": {
      "zoneName": "Γουατεμάλα"
    },
    "GU": {
      "zoneName": "Guam"
    },
    "GW": {
      "zoneName": "Guinea-Bissau"
    },
    "GY": {
      "zoneName": "Γουιάνα"
    },
    "HK": {
      "zoneName": "Χονγκ Κονγκ"
    },
    "HM": {
      "zoneName": "Heard Island and McDonald Islands"
    },
    "HN": {
      "zoneName": "Ονδούρα"
    },
    "HR": {
      "zoneName": "Κροατία"
    },
    "HT": {
      "zoneName": "Αΐτη"
    },
    "HU": {
      "zoneName": "Ουγγαρία"
    },
    "ID": {
      "zoneName": "Ινδονησία"
    },
    "IE": {
      "zoneName": "Ιρλανδία"
    },
    "IL": {
      "zoneName": "Ισραήλ"
    },
    "IM": {
      "zoneName": "Isle of Man"
    },
    "IN-AN": {
      "countryName": "Ινδία",
      "zoneName": "Andaman and Nicobar Islands"
    },
    "IN-HP": {
      "countryName": "Ινδία",
      "zoneName": "Himachal Pradesh"
    },
    "IN-UP": {
      "countryName": "Ινδία",
      "zoneName": "Uttar Pradesh"
    },
    "IN-UT": {
      "countryName": "Ινδία",
      "zoneName": "Uttarakhand"
    },
    "IO": {
      "zoneName": "British Indian Ocean Territory"
    },
    "IQ": {
      "zoneName": "Ιράκ"
    },
    "IR": {
      "zoneName": "Ιράν"
    },
    "IS": {
      "zoneName": "Ισλανδία"
    },
    "IT": {
      "zoneName": "Ιταλία"
    },
    "IT-CNO": {
      "countryName": "Ιταλία",
      "zoneName": "Βόρεια Κεντρική Ιταλία"
    },
    "IT-CSO": {
      "countryName": "Ιταλία",
      "zoneName": "Νότια Κεντρική Ιταλία"
    },
    "IT-NO": {
      "countryName": "Ιταλία",
      "zoneName": "Βόρεια Ιταλία"
    },
    "IT-SAR": {
      "countryName": "Ιταλία",
      "zoneName": "Σαρδηνία"
    },
    "IT-SIC": {
      "countryName": "Ιταλία",
      "zoneName": "Σικελία"
    },
    "IT-SO": {
      "countryName": "Ιταλία",
      "zoneName": "Νότια Ιταλία"
    },
    "JE": {
      "zoneName": "Jersey"
    },
    "JM": {
      "zoneName": "Τζαμάικα"
    },
    "JO": {
      "zoneName": "Ιορδανία"
    },
    "JP-CB": {
      "countryName": "Ιαπωνία",
      "zoneName": "Chūbu"
    },
    "JP-CG": {
      "countryName": "Ιαπωνία",
      "zoneName": "Chūgoku"
    },
    "JP-HKD": {
      "countryName": "Ιαπωνία",
      "zoneName": "Hokkaidō"
    },
    "JP-HR": {
      "countryName": "Ιαπωνία",
      "zoneName": "Hokuriku"
    },
    "JP-KN": {
      "countryName": "Ιαπωνία",
      "zoneName": "Kansai"
    },
    "JP-KY": {
      "countryName": "Ιαπωνία",
      "zoneName": "Kyūshū"
    },
    "JP-ON": {
      "countryName": "Ιαπωνία",
      "zoneName": "Okinawa"
    },
    "JP-SK": {
      "countryName": "Ιαπωνία",
      "zoneName": "Shikoku"
    },
    "JP-TH": {
      "countryName": "Ιαπωνία",
      "zoneName": "Tōhoku"
    },
    "JP-TK": {
      "countryName": "Ιαπωνία",
      "zoneName": "Tōkyō"
    },
    "KE": {
      "zoneName": "Κένυα"
    },
    "KG": {
      "zoneName": "Kyrgyzstan"
    },
    "KH": {
      "zoneName": "Cambodia"
    },
    "KM": {
      "zoneName": "Comoros"
    },
    "KP": {
      "zoneName": "Βόρεια Κορέα"
    },
    "KR": {
      "zoneName": "Νότια Κορέα"
    },
    "KW": {
      "zoneName": "Κουβέιτ"
    },
    "KY": {
      "zoneName": "Cayman Islands"
    },
    "KZ": {
      "zoneName": "Καζακστάν"
    },
    "LA": {
      "zoneName": "Laos"
    },
    "LB": {
      "zoneName": "Λίβανος"
    },
    "LC": {
      "zoneName": "Saint Lucia"
    },
    "LI": {
      "zoneName": "Λιχτενστάιν"
    },
    "LK": {
      "zoneName": "Σρι Λάνκα"
    },
    "LR": {
      "zoneName": "Liberia"
    },
    "LS": {
      "zoneName": "Lesotho"
    },
    "LT": {
      "zoneName": "Λιθουανία"
    },
    "LU": {
      "zoneName": "Λουξεμβούργο"
    },
    "LV": {
      "zoneName": "Λετονία"
    },
    "LY": {
      "zoneName": "Λιβύη"
    },
    "MA": {
      "zoneName": "Μαρόκο"
    },
    "MC": {
      "zoneName": "Μονακό"
    },
    "MD": {
      "zoneName": "Μολδαβία"
    },
    "ME": {
      "zoneName": "Μαυροβούνιο"
    },
    "MG": {
      "zoneName": "Μαδαγασκάρη"
    },
    "MK": {
      "zoneName": "Βόρεια Μακεδονία"
    },
    "ML": {
      "zoneName": "Mali"
    },
    "MM": {
      "zoneName": "Myanmar"
    },
    "MN": {
      "zoneName": "Μογγολία"
    },
    "MO": {
      "zoneName": "Μακάο"
    },
    "MQ": {
      "zoneName": "Martinique"
    },
    "MR": {
      "zoneName": "Mauritania"
    },
    "MS": {
      "zoneName": "Montserrat"
    },
    "MT": {
      "zoneName": "Μάλτα"
    },
    "MU": {
      "zoneName": "Mauritius"
    },
    "MV": {
      "zoneName": "Maldives"
    },
    "MW": {
      "zoneName": "Malawi"
    },
    "MX": {
      "zoneName": "Μεξικό"
    },
    "MX-BC": {
      "countryName": "Μεξικό",
      "zoneName": "Baja California"
    },
    "MX-CE": {
      "countryName": "Μεξικό",
      "zoneName": "Κεντρικό Μεξικό"
    },
    "MX-NE": {
      "countryName": "Μεξικό",
      "zoneName": "Βορειοανατολικό Μεξικό"
    },
    "MX-NO": {
      "countryName": "Μεξικό",
      "zoneName": "Βόρειο Μεξικό"
    },
    "MX-NW": {
      "countryName": "Μεξικό",
      "zoneName": "Βορειοδυτικό Μεξικό"
    },
    "MX-OC": {
      "countryName": "Μεξικό",
      "zoneName": "Occidental"
    },
    "MX-OR": {
      "countryName": "Μεξικό",
      "zoneName": "Oriental"
    },
    "MX-PN": {
      "countryName": "Μεξικό",
      "zoneName": "Peninsula"
    },
    "MY": {
      "zoneName": "Μαλαισία"
    },
    "MY-EM": {
      "countryName": "Μαλαισία",
      "zoneName": "Borneo"
    },
    "MY-WM": {
      "countryName": "Μαλαισία",
      "zoneName": "Peninsula"
    },
    "MZ": {
      "zoneName": "Mozambique"
    },
    "NA": {
      "zoneName": "Namibia"
    },
    "NC": {
      "zoneName": "New Caledonia"
    },
    "NE": {
      "zoneName": "Niger"
    },
    "NG": {
      "zoneName": "Νιγηρία"
    },
    "NI": {
      "zoneName": "Nicaragua"
    },
    "NL": {
      "zoneName": "Ολλανδία"
    },
    "NO-NO1": {
      "countryName": "Νορβηγία",
      "zoneName": "Νοτιοανατολική Νορβηγία"
    },
    "NO-NO2": {
      "countryName": "Νορβηγία",
      "zoneName": "Νοτιοδυτική Νορβηγία"
    },
    "NO-NO3": {
      "countryName": "Νορβηγία",
      "zoneName": "Κεντρική Νορβηγία"
    },
    "NO-NO4": {
      "countryName": "Νορβηγία",
      "zoneName": "Βόρεια Νορβηγία"
    },
    "NO-NO5": {
      "countryName": "Νορβηγία",
      "zoneName": "Δυτική Νορβηγία"
    },
    "NP": {
      "zoneName": "Νεπάλ"
    },
    "NZ-NZA": {
      "countryName": "Νέα Ζηλανδία",
      "zoneName": "Auckland Islands"
    },
    "NZ-NZC": {
      "countryName": "Νέα Ζηλανδία",
      "zoneName": "Chatham Islands"
    },
    "NZ": {
      "zoneName": "Νέα Ζηλανδία"
    },
    "OM": {
      "zoneName": "Ομάν"
    },
    "PA": {
      "zoneName": "Παναμάς"
    },
    "PE": {
      "zoneName": "Περού"
    },
    "PF": {
      "zoneName": "Γαλλική Πολυνησία"
    },
    "PG": {
      "zoneName": "Παπούα Νέα Γουινέα"
    },
    "PH": {
      "zoneName": "Φιλιππίνες"
    },
    "PK": {
      "zoneName": "Πακιστάν"
    },
    "PL": {
      "zoneName": "Πολωνία"
    },
    "PM": {
      "zoneName": "Saint Pierre and Miquelon"
    },
    "PR": {
      "zoneName": "Πουέρτο Ρίκο"
    },
    "PS": {
      "zoneName": "Παλαιστίνη"
    },
    "PT": {
      "zoneName": "Πορτογαλία"
    },
    "PT-AC": {
      "countryName": "Πορτογαλία",
      "zoneName": "Azores"
    },
    "PT-MA": {
      "countryName": "Πορτογαλία",
      "zoneName": "Madeira"
    },
    "PW": {
      "zoneName": "Palau"
    },
    "PY": {
      "zoneName": "Παραγουάη"
    },
    "QA": {
      "zoneName": "Κατάρ"
    },
    "RE": {
      "zoneName": "Réunion"
    },
    "RO": {
      "zoneName": "Ρουμανία"
    },
    "RS": {
      "zoneName": "Σερβία"
    },
    "RU": {
      "zoneName": "Ρωσία"
    },
    "RU-1": {
      "countryName": "Ρωσία",
      "zoneName": "Ευρωπαϊκή Ρωσία και Ουράλια"
    },
    "RU-2": {
      "countryName": "Ρωσία",
      "zoneName": "Σιβηρία"
    },
    "RU-EU": {
      "zoneName": "Ρωσία"
    },
    "RU-AS": {
      "zoneName": "Ρωσία"
    },
    "RU-KGD": {
      "countryName": "Ρωσία",
      "zoneName": "Καλίνινγκραντ"
    },
    "RW": {
      "zoneName": "Ρουάντα"
    },
    "SA": {
      "zoneName": "Σαουδική Αραβία"
    },
    "SB": {
      "zoneName": "Solomon Islands"
    },
    "SC": {
      "zoneName": "Seychelles"
    },
    "SD": {
      "zoneName": "Σουδάν"
    },
    "SE": {
      "zoneName": "Σουηδία"
    },
    "SG": {
      "zoneName": "Σιγκαπούρη"
    },
    "SI": {
      "zoneName": "Σλοβενία"
    },
    "SJ": {
      "zoneName": "Svalbard and Jan Mayen"
    },
    "SK": {
      "zoneName": "Σλοβακία"
    },
    "SL": {
      "zoneName": "Sierra Leone"
    },
    "SN": {
      "zoneName": "Senegal"
    },
    "SO": {
      "zoneName": "Σομαλία"
    },
    "SR": {
      "zoneName": "Suriname"
    },
    "SS": {
      "zoneName": "Νότιο Σουδάν"
    },
    "ST": {
      "zoneName": "Sao Tome and Principe"
    },
    "SV": {
      "zoneName": "El Salvador"
    },
    "SY": {
      "zoneName": "Συρία"
    },
    "SZ": {
      "zoneName": "Swaziland"
    },
    "TD": {
      "zoneName": "Chad"
    },
    "TF": {
      "zoneName": "French Southern Territories"
    },
    "TG": {
      "zoneName": "Togo"
    },
    "TH": {
      "zoneName": "Ταϊλάνδη"
    },
    "TJ": {
      "zoneName": "Tajikistan"
    },
    "TL": {
      "zoneName": "Timor-Leste"
    },
    "TM": {
      "zoneName": "Turkmenistan"
    },
    "TN": {
      "zoneName": "Τυνησία"
    },
    "TO": {
      "zoneName": "Tonga"
    },
    "TR": {
      "zoneName": "Τουρκία"
    },
    "TT": {
      "zoneName": "Trinidad and Tobago"
    },
    "TW": {
      "zoneName": "Ταϊβάν"
    },
    "TZ": {
      "zoneName": "Τανζανία"
    },
    "UA": {
      "zoneName": "Ουκρανία"
    },
    "UA-CR": {
      "countryName": "Κριμαία",
      "zoneName": "Ουκρανία"
    },
    "UG": {
      "zoneName": "Ουγκάντα"
    },
    "US": {
      "zoneName": "συνεχόμενες Ηνωμένες Πολιτείες"
    },
    "US-CAL-BANC": {
      "countryName": "Ηνωμένες Πολιτείες Αμερικής",
      "zoneName": "Balancing Authority Of Northern California"
    },
    "US-CAL-CISO": {
      "countryName": "Ηνωμένες Πολιτείες Αμερικής",
      "zoneName": "California Independent System Operator"
    },
    "US-CAL-IID": {
      "countryName": "Ηνωμένες Πολιτείες Αμερικής",
      "zoneName": "Imperial Irrigation District"
    },
    "US-CAL-LDWP": {
      "countryName": "Ηνωμένες Πολιτείες Αμερικής",
      "zoneName": "Los Angeles Department Of Water And Power"
    },
    "US-CAL-TIDC": {
      "countryName": "Ηνωμένες Πολιτείες Αμερικής",
      "zoneName": "Turlock Irrigation District"
    },
    "US-CAR-CPLE": {
      "countryName": "Ηνωμένες Πολιτείες Αμερικής",
      "zoneName": "Duke Energy Progress East"
    },
    "US-CAR-CPLW": {
      "countryName": "Ηνωμένες Πολιτείες Αμερικής",
      "zoneName": "Duke Energy Progress West"
    },
    "US-CAR-DUK": {
      "countryName": "Ηνωμένες Πολιτείες Αμερικής",
      "zoneName": "Duke Energy Carolinas"
    },
    "US-CAR-SC": {
      "countryName": "Ηνωμένες Πολιτείες Αμερικής",
      "zoneName": "South Carolina Public Service Authority"
    },
    "US-CAR-SCEG": {
      "countryName": "Ηνωμένες Πολιτείες Αμερικής",
      "zoneName": "South Carolina Electric & Gas Company"
    },
    "US-CAR-YAD": {
      "countryName": "Ηνωμένες Πολιτείες Αμερικής",
      "zoneName": "Alcoa Power Generating, Inc. Yadkin Division"
    },
    "US-CENT-SPA": {
      "countryName": "Ηνωμένες Πολιτείες Αμερικής",
      "zoneName": "Southwestern Power Administration"
    },
    "US-CENT-SWPP": {
      "countryName": "Ηνωμένες Πολιτείες Αμερικής",
      "zoneName": "Southwest Power Pool"
    },
    "US-FLA-FMPP": {
      "countryName": "Ηνωμένες Πολιτείες Αμερικής",
      "zoneName": "Florida Municipal Power Pool"
    },
    "US-FLA-FPC": {
      "countryName": "Ηνωμένες Πολιτείες Αμερικής",
      "zoneName": "Duke Energy Florida Inc"
    },
    "US-FLA-FPL": {
      "countryName": "Ηνωμένες Πολιτείες Αμερικής",
      "zoneName": "Florida Power & Light Company"
    },
    "US-FLA-GVL": {
      "countryName": "Ηνωμένες Πολιτείες Αμερικής",
      "zoneName": "Gainesville Regional Utilities"
    },
    "US-FLA-HST": {
      "countryName": "Ηνωμένες Πολιτείες Αμερικής",
      "zoneName": "City Of Homestead"
    },
    "US-FLA-JEA": {
      "countryName": "Ηνωμένες Πολιτείες Αμερικής",
      "zoneName": "JEA"
    },
    "US-FLA-SEC": {
      "countryName": "Ηνωμένες Πολιτείες Αμερικής",
      "zoneName": "Seminole Electric Cooperative"
    },
    "US-FLA-TAL": {
      "countryName": "Ηνωμένες Πολιτείες Αμερικής",
      "zoneName": "City Of Tallahassee"
    },
    "US-FLA-TEC": {
      "countryName": "Ηνωμένες Πολιτείες Αμερικής",
      "zoneName": "Tampa Electric Company"
    },
    "US-MIDA-PJM": {
      "countryName": "Ηνωμένες Πολιτείες Αμερικής",
      "zoneName": "PJM Interconnection, Llc"
    },
    "US-MIDW-AECI": {
      "countryName": "Ηνωμένες Πολιτείες Αμερικής",
      "zoneName": "Associated Electric Cooperative, Inc."
    },
    "US-MIDW-LGEE": {
      "countryName": "Ηνωμένες Πολιτείες Αμερικής",
      "zoneName": "Louisville Gas And Electric Company And Kentucky Utilities"
    },
    "US-MIDW-MISO": {
      "countryName": "Ηνωμένες Πολιτείες Αμερικής",
      "zoneName": "Midcontinent Independent Transmission System Operator, Inc.."
    },
    "US-NE-ISNE": {
      "countryName": "Ηνωμένες Πολιτείες Αμερικής",
      "zoneName": "Iso New England Inc."
    },
    "US-NW-AVA": {
      "countryName": "Ηνωμένες Πολιτείες Αμερικής",
      "zoneName": "Avista Corporation"
    },
    "US-NW-BPAT": {
      "countryName": "Ηνωμένες Πολιτείες Αμερικής",
      "zoneName": "Bonneville Power Administration"
    },
    "US-NW-CHPD": {
      "countryName": "Ηνωμένες Πολιτείες Αμερικής",
      "zoneName": "PUD No. 1 Of Chelan County"
    },
    "US-NW-DOPD": {
      "countryName": "Ηνωμένες Πολιτείες Αμερικής",
      "zoneName": "PUD No. 1 Of Douglas County"
    },
    "US-NW-GCPD": {
      "countryName": "Ηνωμένες Πολιτείες Αμερικής",
      "zoneName": "PUD No. 2 Of Grant County, Washington"
    },
    "US-NW-GRID": {
      "countryName": "Ηνωμένες Πολιτείες Αμερικής",
      "zoneName": "Gridforce Energy Management, Llc"
    },
    "US-NW-IPCO": {
      "countryName": "Ηνωμένες Πολιτείες Αμερικής",
      "zoneName": "Idaho Power Company"
    },
    "US-NW-NEVP": {
      "countryName": "Ηνωμένες Πολιτείες Αμερικής",
      "zoneName": "Nevada Power Company"
    },
    "US-NW-NWMT": {
      "countryName": "Ηνωμένες Πολιτείες Αμερικής",
      "zoneName": "Northwestern Energy"
    },
    "US-NW-PACE": {
      "countryName": "Ηνωμένες Πολιτείες Αμερικής",
      "zoneName": "Pacificorp East"
    },
    "US-NW-PACW": {
      "countryName": "Ηνωμένες Πολιτείες Αμερικής",
      "zoneName": "Pacificorp West"
    },
    "US-NW-PGE": {
      "countryName": "Ηνωμένες Πολιτείες Αμερικής",
      "zoneName": "Portland General Electric Company"
    },
    "US-NW-PSCO": {
      "countryName": "Ηνωμένες Πολιτείες Αμερικής",
      "zoneName": "Public Service Company Of Colorado"
    },
    "US-NW-PSEI": {
      "countryName": "Ηνωμένες Πολιτείες Αμερικής",
      "zoneName": "Puget Sound Energy"
    },
    "US-NW-SCL": {
      "countryName": "Ηνωμένες Πολιτείες Αμερικής",
      "zoneName": "Seattle City Light"
    },
    "US-NW-TPWR": {
      "countryName": "Ηνωμένες Πολιτείες Αμερικής",
      "zoneName": "City Of Tacoma, Department Of Public Utilities, Light Division"
    },
    "US-NW-WACM": {
      "countryName": "Ηνωμένες Πολιτείες Αμερικής",
      "zoneName": "Western Area Power Administration - Rocky Mountain Region"
    },
    "US-NW-WAUW": {
      "countryName": "Ηνωμένες Πολιτείες Αμερικής",
      "zoneName": "Western Area Power Administration UGP West"
    },
    "US-NY-NYIS": {
      "countryName": "Ηνωμένες Πολιτείες Αμερικής",
      "zoneName": "New York Independent System Operator"
    },
    "US-SE-SEPA": {
      "countryName": "Ηνωμένες Πολιτείες Αμερικής",
      "zoneName": "Southeastern Power Administration"
    },
    "US-SE-SOCO": {
      "countryName": "Ηνωμένες Πολιτείες Αμερικής",
      "zoneName": "Southern Company Services, Inc. - Trans"
    },
    "US-SW-AZPS": {
      "countryName": "Ηνωμένες Πολιτείες Αμερικής",
      "zoneName": "Arizona Public Service Company"
    },
    "US-SW-EPE": {
      "countryName": "Ηνωμένες Πολιτείες Αμερικής",
      "zoneName": "El Paso Electric Company"
    },
    "US-SW-PNM": {
      "countryName": "Ηνωμένες Πολιτείες Αμερικής",
      "zoneName": "Public Service Company Of New Mexico"
    },
    "US-SW-SRP": {
      "countryName": "Ηνωμένες Πολιτείες Αμερικής",
      "zoneName": "Salt River Project"
    },
    "US-SW-TEPC": {
      "countryName": "Ηνωμένες Πολιτείες Αμερικής",
      "zoneName": "Tucson Electric Power Company"
    },
    "US-SW-WALC": {
      "countryName": "Ηνωμένες Πολιτείες Αμερικής",
      "zoneName": "Western Area Power Administration - Desert Southwest Region"
    },
    "US-TEN-TVA": {
      "countryName": "Ηνωμένες Πολιτείες Αμερικής",
      "zoneName": "Tennessee Valley Authority"
    },
    "US-TEX-ERCO": {
      "countryName": "Ηνωμένες Πολιτείες Αμερικής",
      "zoneName": "Electric Reliability Council Of Texas, Inc."
    },
    "UY": {
      "zoneName": "Ουρουγουάη"
    },
    "UZ": {
      "zoneName": "Ουζμπεκιστάν"
    },
    "VC": {
      "zoneName": "Saint Vincent and the Grenadines"
    },
    "VE": {
      "zoneName": "Βενεζουέλα"
    },
    "VI": {
      "countryName": "Ηνωμένες Πολιτείες Αμερικής",
      "zoneName": "Virgin Islands"
    },
    "VN": {
      "zoneName": "Βιετνάμ"
    },
    "VU": {
      "zoneName": "Vanuatu"
    },
    "WS": {
      "zoneName": "Σαμόα"
    },
    "XX": {
      "zoneName": "Κατεχόμενη Κύπρος"
    },
    "YE": {
      "zoneName": "Yemen"
    },
    "YT": {
      "zoneName": "Mayotte"
    },
    "ZA": {
      "zoneName": "Νότια Αφρική"
    },
    "ZM": {
      "zoneName": "Ζάμπια"
    },
    "ZW": {
      "zoneName": "Ζιμπάμπουε"
    }
  },
  "shared": {
    "carbonintensity": "Ένταση Άνθρακα",
    "faq": "συνήθεις ερωτήσεις.",
    "reload": "Νέα φόρτωση",
    "dismiss": "Κλείσιμο"
  }
}
