{
  "mobile-main-menu": {
    "map": "Bản đồ",
    "areas": "Khu vực",
    "about": "Thông tin"
  },
  "onboarding-modal": {
    "view2": {
      "header": "Xem lượng CO₂ được thải ra trong quá trình sản xuất điện năng của bạn trong thời gian thực"
    },
    "view3": {
      "header": "Xem nguồn điện bạn đang dùng đến từ đâu"
    }
  },
  "country-panel": {
    "source": "Nguồn",
    "carbonintensity": "Mật độ Cacbon",
    "lowcarbon": "Mật độ Cacbon thấp",
    "renewable": "Năng lượng tái tạo",
    "noDataAtTimestamp": "Dữ liệu đang tạm thời chưa có trong khoảng thời gian được chọn",
    "now": "Hiện tại"
  },
  "ranking-panel": {
    "search": "Tìm khu vực"
  },
  "legends": {
    "colorblindmode": "chế độ mù màu"
  },
  "misc": {
    "faq": "Các câu hỏi thường gặp",
    "dismiss": "Bỏ",
    "reload": "Tải lại"
  },
  "theMap": {
    "groupName": "Bản đồ",
    "mapColors-question": "Những màu trên bản đồ có ý nghĩa gì?",
    "mapSolarWindButtons-question": "Biểu tượng nút 'mặt trời' và 'gió' trên bản đồ làm gì?",
    "mapColorBlind-question": "Tôi bị mù màu. Làm thế nào tôi có thể đọc bản đồ?"
  },
  "mapAreas": {
    "groupName": "Các khu vực trên bản đồ"
  },
  "methodology": {
    "groupName": "Phương pháp của chúng tôi"
  },
  "data": {
    "groupName": "Dữ liệu của chúng tôi"
  },
  "aboutUs": {
    "groupName": "Về chúng tôi"
  },
  "zoneShortName": {
    "AD": {
      "zoneName": "Andorra"
    },
    "AE": {
      "zoneName": "Các Tiểu vương quốc Ả rập Thống nhất"
    },
    "AF": {
      "zoneName": "Afghanistan"
    },
    "AG": {
      "zoneName": "Antigua và Barbuda"
    },
    "AI": {
      "zoneName": "Anguilla"
    },
    "AL": {
      "zoneName": "Albania"
    },
    "AM": {
      "zoneName": "Armenia"
    },
    "AO": {
      "zoneName": "Angola"
    },
    "AQ": {
      "zoneName": "Bắc Cực"
    },
    "AS": {
      "zoneName": "American Samoa"
    },
    "AT": {
      "zoneName": "Áo"
    },
    "AR": {
      "zoneName": "Argentina"
    },
    "AU-NSW": {
      "countryName": "Úc",
      "zoneName": "New South Wales"
    },
    "AU-NT": {
      "countryName": "Úc",
      "zoneName": "Lãnh thổ phía Bắc"
    },
    "AU-QLD": {
      "countryName": "Úc",
      "zoneName": "Queensland"
    },
    "AU-SA": {
      "countryName": "Úc",
      "zoneName": "Nam Úc"
    },
    "AU-TAS": {
      "countryName": "Úc",
      "zoneName": "Tasmania"
    },
    "AU-TAS-KI": {
      "countryName": "Tasmania",
      "zoneName": "Đảo King"
    },
    "AU-VIC": {
      "countryName": "Úc",
      "zoneName": "Victoria"
    },
    "AU-WA": {
      "countryName": "Úc",
      "zoneName": "Tây Úc"
    },
    "AW": {
      "zoneName": "Aruba"
    },
    "AX": {
      "zoneName": "Quần đảo Åland"
    },
    "AZ": {
      "zoneName": "Azerbaijan"
    },
    "BA": {
      "zoneName": "Bosnia và Herzegovina"
    },
    "BB": {
      "zoneName": "Barbados"
    },
    "BD": {
      "zoneName": "Bangladesh"
    },
    "BE": {
      "zoneName": "Bỉ"
    },
    "BF": {
      "zoneName": "Burkina Faso"
    },
    "BG": {
      "zoneName": "Bulgaria"
    },
    "BH": {
      "zoneName": "Bahrain"
    },
    "BI": {
      "zoneName": "Burundi"
    },
    "BJ": {
      "zoneName": "Benin"
    },
    "BM": {
      "zoneName": "Bermuda"
    },
    "BN": {
      "zoneName": "Brunei"
    },
    "BO": {
      "zoneName": "Bolivia"
    },
    "BQ": {
      "zoneName": "Bonaire, Sint Eustatius và Saba"
    },
    "BR": {
      "zoneName": "Brazil"
    },
    "BR-CS": {
      "countryName": "Brazil",
      "zoneName": "Trung Brazil"
    },
    "BR-N": {
      "countryName": "Brazil",
      "zoneName": "Đông Brazil"
    },
    "BR-NE": {
      "countryName": "Brazil",
      "zoneName": "Đông Bắc Brazil"
    },
    "BR-S": {
      "countryName": "Brazil",
      "zoneName": "Nam Brazil"
    },
    "BS": {
      "zoneName": "Bahamas"
    },
    "BT": {
      "zoneName": "Bhutan"
    },
    "BV": {
      "zoneName": "Đảo Bouvet"
    },
    "BW": {
      "zoneName": "Botswana"
    },
    "BY": {
      "zoneName": "Belarus"
    },
    "BZ": {
      "zoneName": "Belize"
    },
    "CA": {
      "zoneName": "Canada"
    },
    "CA-AB": {
      "countryName": "Canada",
      "zoneName": "Alberta"
    },
    "CA-BC": {
      "countryName": "Canada",
      "zoneName": "British Columbia"
    },
    "CA-MB": {
      "countryName": "Canada",
      "zoneName": "Manitoba"
    },
    "CA-NL": {
      "countryName": "Canada",
      "zoneName": "Newfoundland và Labrador"
    },
    "CA-NB": {
      "countryName": "Canada",
      "zoneName": "New Brunswick"
    },
    "CA-NT": {
      "countryName": "Canada",
      "zoneName": "Các Lãnh thổ Tây Bắc"
    },
    "CA-NS": {
      "countryName": "Canada",
      "zoneName": "Nova Scotia"
    },
    "CA-NU": {
      "countryName": "Canada",
      "zoneName": "Nunavut"
    },
    "CA-ON": {
      "countryName": "Canada",
      "zoneName": "Ontario"
    },
    "CA-PE": {
      "countryName": "Canada",
      "zoneName": "Đảo Hoàng tử Edward"
    },
    "CA-QC": {
      "countryName": "Canada",
      "zoneName": "Québec"
    },
    "CA-SK": {
      "countryName": "Canada",
      "zoneName": "Saskatchewan"
    },
    "CA-YT": {
      "countryName": "Canada",
      "zoneName": "Yukon"
    },
    "CC": {
      "zoneName": "Quần đảo Cocos"
    },
    "CD": {
      "zoneName": "Cộng hòa Dân chủ Congo"
    },
    "CF": {
      "zoneName": "Cộng hòa Trung Phi"
    },
    "CG": {
      "zoneName": "Congo"
    },
    "CH": {
      "zoneName": "Thụy Sỹ"
    },
    "CI": {
      "zoneName": "Bờ Biển Ngà"
    },
    "CK": {
      "zoneName": "Quần đảo Cook"
    },
    "CL-SEM": {
      "countryName": "Chile",
      "zoneName": "SEM"
    },
    "CL-SEA": {
      "countryName": "Chile",
      "zoneName": "SEA"
    },
    "CM": {
      "zoneName": "Cameroon"
    },
    "CN": {
      "zoneName": "Trung Quốc"
    },
    "CO": {
      "zoneName": "Colombia"
    },
    "CR": {
      "zoneName": "Costa Rica"
    },
    "CU": {
      "zoneName": "Cuba"
    },
    "CV": {
      "zoneName": "Cabo Verde"
    },
    "CW": {
      "zoneName": "Curaçao"
    },
    "CX": {
      "zoneName": "Đảo Giáng Sinh"
    },
    "CY": {
      "zoneName": "Cyprus"
    },
    "CZ": {
      "zoneName": "Czechia"
    },
    "DE": {
      "zoneName": "Đức"
    },
    "DJ": {
      "zoneName": "Djibouti"
    },
    "DK": {
      "zoneName": "Đan Mạch"
    },
    "DK-DK1": {
      "countryName": "Đan Mạch",
      "zoneName": "Tây Đan Mạch"
    },
    "DK-DK2": {
      "countryName": "Đan Mạch",
      "zoneName": "Đông Đan Mạch"
    },
    "DK-BHM": {
      "countryName": "Đan Mạch",
      "zoneName": "Bornholm"
    },
    "DM": {
      "zoneName": "Dominica"
    },
    "DO": {
      "zoneName": "Cộng hòa Dominican"
    },
    "DZ": {
      "zoneName": "Algeria"
    },
    "EC": {
      "zoneName": "Ecuador"
    },
    "EE": {
      "zoneName": "Estonia"
    },
    "EG": {
      "zoneName": "Ai Cập"
    },
    "EH": {
      "zoneName": "Tây Sahara"
    },
    "ER": {
      "zoneName": "Eritrea"
    },
    "ES": {
      "zoneName": "Tây Ban Nha"
    },
    "ES-CE": {
      "countryName": "Tây Ban Nha",
      "zoneName": "Ceuta"
    },
    "ES-IB-FO": {
      "countryName": "Tây Ban Nha",
      "zoneName": "Formentera"
    },
    "ES-IB-IZ": {
      "countryName": "Tây Ban Nha",
      "zoneName": "Ibiza"
    },
    "ES-IB-MA": {
      "countryName": "Tây Ban Nha",
      "zoneName": "Mallorca"
    },
    "ES-IB-ME": {
      "countryName": "Tây Ban Nha",
      "zoneName": "Menorca"
    },
    "ES-CN-FV": {
      "countryName": "Tây Ban Nha",
      "zoneName": "Fuerteventura"
    },
    "ES-CN-LZ": {
      "countryName": "Tây Ban Nha",
      "zoneName": "Lanzarote"
    },
    "ES-CN-GC": {
      "countryName": "Tây Ban Nha",
      "zoneName": "Gran Canaria"
    },
    "ES-CN-HI": {
      "countryName": "Tây Ban Nha",
      "zoneName": "El Hierro"
    },
    "ES-CN-IG": {
      "countryName": "Tây Ban Nha",
      "zoneName": "Isla de la Gomera"
    },
    "ES-CN-LP": {
      "countryName": "Tây Ban Nha",
      "zoneName": "La Palma"
    },
    "ES-CN-TE": {
      "countryName": "Tây Ban Nha",
      "zoneName": "Tenerife"
    },
    "ES-ML": {
      "countryName": "Tây Ban Nha",
      "zoneName": "Melilla"
    },
    "ET": {
      "zoneName": "Ethiopia"
    },
    "FI": {
      "zoneName": "Phần Lan"
    },
    "FJ": {
      "zoneName": "Fiji"
    },
    "FK": {
      "zoneName": "Quần đảo Falkland"
    },
    "FM": {
      "zoneName": "Micronesia"
    },
    "FO": {
      "zoneName": "Quần đảo Faroe"
    },
    "FR": {
      "zoneName": "Pháp"
    },
    "FR-COR": {
      "countryName": "Pháp",
      "zoneName": "Corsica"
    },
    "GA": {
      "zoneName": "Gabon"
    },
    "GB": {
      "zoneName": "Đảo Anh"
    },
    "GB-NIR": {
      "zoneName": "Bắc Ireland"
    },
    "GB-ORK": {
      "countryName": "Great Britain",
      "zoneName": "Quần đảo Orkney"
    },
    "GB-ZET": {
      "countryName": "Great Britain",
      "zoneName": "Quần đảo Shetland"
    },
    "GD": {
      "zoneName": "Grenada"
    },
    "GE": {
      "zoneName": "Georgia"
    },
    "GF": {
      "zoneName": "French Guiana"
    },
    "GG": {
      "zoneName": "Guernsey"
    },
    "GH": {
      "zoneName": "Ghana"
    },
    "GI": {
      "zoneName": "Gibraltar"
    },
    "GL": {
      "zoneName": "Greenland"
    },
    "GM": {
      "zoneName": "Gambia"
    },
    "GN": {
      "zoneName": "Guinea"
    },
    "GP": {
      "zoneName": "Guadeloupe"
    },
    "GQ": {
      "zoneName": "Guinea Xích đạo"
    },
    "GR": {
      "zoneName": "Hy Lạp"
    },
    "GS": {
      "zoneName": "Nam Georgia và Quần đảo Nam Sandwich"
    },
    "GT": {
      "zoneName": "Guatemala"
    },
    "GU": {
      "zoneName": "Guam"
    },
    "GW": {
      "zoneName": "Guinea-Bissau"
    },
    "GY": {
      "zoneName": "Guyana"
    },
    "HK": {
      "zoneName": "Hồng Kông"
    },
    "HM": {
      "zoneName": "Đảo Heard và Quần đảo McDonald"
    },
    "HN": {
      "zoneName": "Honduras"
    },
    "HR": {
      "zoneName": "Croatia"
    },
    "HT": {
      "zoneName": "Haiti"
    },
    "HU": {
      "zoneName": "Hungary"
    },
    "ID": {
      "zoneName": "Indonesia"
    },
    "IE": {
      "zoneName": "Ireland"
    },
    "IL": {
      "zoneName": "Israel"
    },
    "IM": {
      "zoneName": "Đảo Man"
    },
    "IN-AN": {
      "countryName": "Ấn Độ",
      "zoneName": "Andaman và Quần đảo Nicobar"
    },
    "IN-AP": {
      "countryName": "Ấn Độ",
      "zoneName": "Andhra Pradesh"
    },
    "IN-AR": {
      "countryName": "Ấn Độ",
      "zoneName": "Arunachal Pradesh"
    },
    "IN-AS": {
      "countryName": "Ấn Độ",
      "zoneName": "Assam"
    },
    "IN-BR": {
      "countryName": "Ấn Độ",
      "zoneName": "Bihar"
    },
    "IN-CT": {
      "countryName": "Ấn Độ",
      "zoneName": "Chhattisgarh"
    },
    "IN-DL": {
      "countryName": "Ấn Độ",
      "zoneName": "Delhi"
    },
    "IN-DN": {
      "countryName": "Ấn Độ",
      "zoneName": "Dadra và Nagar Haveli"
    },
    "IN-GA": {
      "countryName": "Ấn Độ",
      "zoneName": "Goa"
    },
    "IN-GJ": {
      "countryName": "Ấn Độ",
      "zoneName": "Gujarat"
    },
    "IN-HP": {
      "countryName": "Ấn Độ",
      "zoneName": "Himachal Pradesh"
    },
    "IN-HR": {
      "countryName": "Ấn Độ",
      "zoneName": "Haryana"
    },
    "IN-JH": {
      "countryName": "Ấn Độ",
      "zoneName": "Jharkhand"
    },
    "IN-JK": {
      "countryName": "Ấn Độ",
      "zoneName": "Jammu và Kashmir"
    },
    "IN-KA": {
      "countryName": "Ấn Độ",
      "zoneName": "Karnataka"
    },
    "IN-KL": {
      "countryName": "Ấn Độ",
      "zoneName": "Kerala"
    },
    "IN-MH": {
      "countryName": "Ấn Độ",
      "zoneName": "Maharashtra"
    },
    "IN-ML": {
      "countryName": "Ấn Độ",
      "zoneName": "Meghalaya"
    },
    "IN-MN": {
      "countryName": "Ấn Độ",
      "zoneName": "Manipur"
    },
    "IN-MP": {
      "countryName": "Ấn Độ",
      "zoneName": "Madhya Pradesh"
    },
    "IN-MZ": {
      "countryName": "Ấn Độ",
      "zoneName": "Mizoram"
    },
    "IN-NL": {
      "countryName": "Ấn Độ",
      "zoneName": "Nagaland"
    },
    "IN-OR": {
      "countryName": "Ấn Độ",
      "zoneName": "Orissa"
    },
    "IN-PB": {
      "countryName": "Ấn Độ",
      "zoneName": "Punjab"
    },
    "IN-PY": {
      "countryName": "Ấn Độ",
      "zoneName": "Pondicherry"
    },
    "IN-RJ": {
      "countryName": "Ấn Độ",
      "zoneName": "Rajasthan"
    },
    "IN-SK": {
      "countryName": "Ấn Độ",
      "zoneName": "Sikkim"
    },
    "IN-TN": {
      "countryName": "Ấn Độ",
      "zoneName": "Tamil Nadu"
    },
    "IN-TR": {
      "countryName": "Ấn Độ",
      "zoneName": "Tripura"
    },
    "IN-UP": {
      "countryName": "Ấn Độ",
      "zoneName": "Uttar Pradesh"
    },
    "IN-UT": {
      "countryName": "Ấn Độ",
      "zoneName": "Uttarakhand"
    },
    "IN-WB": {
      "countryName": "Ấn Độ",
      "zoneName": "Tây Bengal"
    },
    "IO": {
      "zoneName": "Lãnh thổ Ấn Độ Dương thuộc Anh"
    },
    "IQ": {
      "zoneName": "Iraq"
    },
    "IQ-KUR": {
      "countryName": "Iraq",
      "zoneName": "Kurdistan"
    },
    "IR": {
      "zoneName": "Iran"
    },
    "IS": {
      "zoneName": "Iceland"
    },
    "IT": {
      "zoneName": "Ý"
    },
    "IT-CNO": {
      "countryName": "Ý",
      "zoneName": "Trung Bắc"
    },
    "IT-CSO": {
      "countryName": "Ý",
      "zoneName": "Trung Nam"
    },
    "IT-NO": {
      "countryName": "Ý",
      "zoneName": "Bắc"
    },
    "IT-SAR": {
      "countryName": "Ý",
      "zoneName": "Sardinia"
    },
    "IT-SIC": {
      "countryName": "Ý",
      "zoneName": "Sicily"
    },
    "IT-SO": {
      "countryName": "Ý",
      "zoneName": "Nam"
    },
    "JE": {
      "zoneName": "Jersey"
    },
    "JM": {
      "zoneName": "Jamaica"
    },
    "JO": {
      "zoneName": "Jordan"
    },
    "JP-CB": {
      "countryName": "Nhật Bản",
      "zoneName": "Chūbu"
    },
    "JP-CG": {
      "countryName": "Nhật Bản",
      "zoneName": "Chūgoku"
    },
    "JP-HKD": {
      "countryName": "Nhật Bản",
      "zoneName": "Hokkaidō"
    },
    "JP-HR": {
      "countryName": "Nhật Bản",
      "zoneName": "Hokuriku"
    },
    "JP-KN": {
      "countryName": "Nhật Bản",
      "zoneName": "Kansai"
    },
    "JP-KY": {
      "countryName": "Nhật Bản",
      "zoneName": "Kyūshū"
    },
    "JP-ON": {
      "countryName": "Nhật Bản",
      "zoneName": "Okinawa"
    },
    "JP-SK": {
      "countryName": "Nhật Bản",
      "zoneName": "Shikoku"
    },
    "JP-TH": {
      "countryName": "Nhật Bản",
      "zoneName": "Tōhoku"
    },
    "JP-TK": {
      "countryName": "Nhật Bản",
      "zoneName": "Tōkyō"
    },
    "KE": {
      "zoneName": "Kenya"
    },
    "KG": {
      "zoneName": "Kyrgyzstan"
    },
    "KH": {
      "zoneName": "Cam-pu-chia"
    },
    "KI": {
      "zoneName": "Kiribati"
    },
    "KM": {
      "zoneName": "Comoros"
    },
    "KN": {
      "zoneName": "Saint Kitts và Nevis"
    },
    "KP": {
      "zoneName": "Bắc Triều Tiên"
    },
    "KR": {
      "zoneName": "Hàn Quốc"
    },
    "KW": {
      "zoneName": "Kuwait"
    },
    "KY": {
      "zoneName": "Quần đảo Cayman"
    },
    "KZ": {
      "zoneName": "Kazakhstan"
    },
    "LA": {
      "zoneName": "Lào"
    },
    "LB": {
      "zoneName": "Lebanon"
    },
    "LC": {
      "zoneName": "Saint Lucia"
    },
    "LI": {
      "zoneName": "Liechtenstein"
    },
    "LK": {
      "zoneName": "Sri Lanka"
    },
    "LR": {
      "zoneName": "Liberia"
    },
    "LS": {
      "zoneName": "Lesotho"
    },
    "LT": {
      "zoneName": "Lithuania"
    },
    "LU": {
      "zoneName": "Luxembourg"
    },
    "LV": {
      "zoneName": "Latvia"
    },
    "LY": {
      "zoneName": "Libya"
    },
    "MA": {
      "zoneName": "Morocco"
    },
    "MC": {
      "zoneName": "Monaco"
    },
    "MD": {
      "zoneName": "Moldova"
    },
    "ME": {
      "zoneName": "Montenegro"
    },
    "MF": {
      "countryName": "Saint Martin",
      "zoneName": "French"
    },
    "MG": {
      "zoneName": "Madagascar"
    },
    "MH": {
      "zoneName": "Quần đảo Marshall"
    },
    "MK": {
      "zoneName": "Bắc Macedonia"
    },
    "ML": {
      "zoneName": "Mali"
    },
    "MM": {
      "zoneName": "Myanmar"
    },
    "MN": {
      "zoneName": "Mông Cổ"
    },
    "MO": {
      "zoneName": "Macao"
    },
    "MP": {
      "zoneName": "Quần đảo Bắc Mariana"
    },
    "MQ": {
      "zoneName": "Martinique"
    },
    "MR": {
      "zoneName": "Mauritania"
    },
    "MS": {
      "zoneName": "Montserrat"
    },
    "MT": {
      "zoneName": "Malta"
    },
    "MU": {
      "zoneName": "Mauritius"
    },
    "MV": {
      "zoneName": "Maldives"
    },
    "MW": {
      "zoneName": "Malawi"
    },
    "MX": {
      "zoneName": "Mexico"
    },
    "MX-BC": {
      "countryName": "Mexico",
      "zoneName": "Baja California"
    },
    "MX-CE": {
      "countryName": "Mexico",
      "zoneName": "Central"
    },
    "MX-NE": {
      "countryName": "Mexico",
      "zoneName": "Đông Bắc"
    },
    "MX-NO": {
      "countryName": "Mexico",
      "zoneName": "Đông"
    },
    "MX-NW": {
      "countryName": "Mexico",
      "zoneName": "Đông Nam"
    },
    "MX-OC": {
      "countryName": "Mexico",
      "zoneName": "Occidental"
    },
    "MX-OR": {
      "countryName": "Mexico",
      "zoneName": "Oriental"
    },
    "MX-PN": {
      "countryName": "Mexico",
      "zoneName": "Peninsula"
    },
    "MY": {
      "zoneName": "Malaysia"
    },
    "MY-EM": {
      "countryName": "Malaysia",
      "zoneName": "Borneo"
    },
    "MY-WM": {
      "countryName": "Malaysia",
      "zoneName": "Peninsula"
    },
    "MZ": {
      "zoneName": "Mozambique"
    },
    "NA": {
      "zoneName": "Namibia"
    },
    "NC": {
      "zoneName": "Tân Caledonia"
    },
    "NE": {
      "zoneName": "Niger"
    },
    "NF": {
      "zoneName": "Đảo Norfolk"
    },
    "NG": {
      "zoneName": "Nigeria"
    },
    "NI": {
      "zoneName": "Nicaragua"
    },
    "NL": {
      "zoneName": "Hà Lan"
    },
    "NO-NO1": {
      "countryName": "Na Uy",
      "zoneName": "Đông Nam Na Uy"
    },
    "NO-NO2": {
      "countryName": "Na Uy",
      "zoneName": "Tây Bắc Na Uy"
    },
    "NO-NO3": {
      "countryName": "Na Uy",
      "zoneName": "Trung Na Uy"
    },
    "NO-NO4": {
      "countryName": "Na Uy",
      "zoneName": "Bắc Na Uy"
    },
    "NO-NO5": {
      "countryName": "Na Uy",
      "zoneName": "Tây Na Uy"
    },
    "NP": {
      "zoneName": "Nepal"
    },
    "NR": {
      "zoneName": "Nauru"
    },
    "NU": {
      "zoneName": "Niue"
    },
    "NZ": {
      "zoneName": "New Zealand"
    },
    "NZ-NZA": {
      "countryName": "New Zealand",
      "zoneName": "Quần đảo Auckland"
    },
    "NZ-NZC": {
      "countryName": "New Zealand",
      "zoneName": "Quần đảo Chatham"
    },
    "OM": {
      "zoneName": "Oman"
    },
    "PA": {
      "zoneName": "Panama"
    },
    "PE": {
      "zoneName": "Peru"
    },
    "PF": {
      "zoneName": "Polynésie thuộc Pháp"
    },
    "PG": {
      "zoneName": "Papua New Guinea"
    },
    "PH": {
      "zoneName": "Philippines"
    },
    "PK": {
      "zoneName": "Pakistan"
    },
    "PL": {
      "zoneName": "Ba Lan"
    },
    "PM": {
      "zoneName": "Saint Pierre và Miquelon"
    },
    "PN": {
      "zoneName": "Pitcairn"
    },
    "PR": {
      "zoneName": "Puerto Rico"
    },
    "PS": {
      "zoneName": "Nhà nước Palestine"
    },
    "PT": {
      "zoneName": "Bồ Đào Nha"
    },
    "PT-AC": {
      "countryName": "Bồ Đào Nha",
      "zoneName": "Azores"
    },
    "PT-MA": {
      "countryName": "Bồ Đào Nha",
      "zoneName": "Madeira"
    },
    "PW": {
      "zoneName": "Palau"
    },
    "PY": {
      "zoneName": "Paraguay"
    },
    "QA": {
      "zoneName": "Qatar"
    },
    "RE": {
      "zoneName": "Réunion"
    },
    "RO": {
      "zoneName": "Romania"
    },
    "RS": {
      "zoneName": "Serbia"
    },
    "RU": {
      "zoneName": "Nga"
    },
    "RU-1": {
      "countryName": "Nga",
      "zoneName": "Nga thuộc châu Âu và Ural"
    },
    "RU-2": {
      "countryName": "Nga",
      "zoneName": "Siberia"
    },
    "RU-EU": {
      "zoneName": "Nga"
    },
    "RU-AS": {
      "zoneName": "Nga"
    },
    "RU-KGD": {
      "countryName": "Nga",
      "zoneName": "Kaliningrad"
    },
    "RW": {
      "zoneName": "Rwanda"
    },
    "SA": {
      "zoneName": "Saudi Arabia"
    },
    "SB": {
      "zoneName": "Quần đảo Solomon"
    },
    "SC": {
      "zoneName": "Seychelles"
    },
    "SD": {
      "zoneName": "Sudan"
    },
    "SE": {
      "zoneName": "Thụy Điển"
    },
    "SG": {
      "zoneName": "Singapore"
    },
    "SH": {
      "zoneName": "Saint Helena, Ascension và Tristan da Cunha"
    },
    "SI": {
      "zoneName": "Slovenia"
    },
    "SJ": {
      "zoneName": "Svalbard và Jan Mayen"
    },
    "SK": {
      "zoneName": "Slovakia"
    },
    "SL": {
      "zoneName": "Sierra Leone"
    },
    "SM": {
      "zoneName": "San Marino"
    },
    "SN": {
      "zoneName": "Senegal"
    },
    "SO": {
      "zoneName": "Somalia"
    },
    "SR": {
      "zoneName": "Suriname"
    },
    "SS": {
      "zoneName": "Nam Sudan"
    },
    "ST": {
      "zoneName": "Sao Tome và Principe"
    },
    "SV": {
      "zoneName": "El Salvador"
    },
    "SX": {
      "countryName": "Sint Maarten",
      "zoneName": "Dutch"
    },
    "SY": {
      "zoneName": "Syria"
    },
    "SZ": {
      "zoneName": "Swaziland"
    },
    "TC": {
      "zoneName": "Quần đảo Turks và Caicos"
    },
    "TD": {
      "zoneName": "Chad"
    },
    "TF": {
      "zoneName": "Vùng đất phía Nam thuộc Pháp"
    },
    "TG": {
      "zoneName": "Togo"
    },
    "TH": {
      "zoneName": "Thái Lan"
    },
    "TJ": {
      "zoneName": "Tajikistan"
    },
    "TK": {
      "zoneName": "Tokelau"
    },
    "TL": {
      "zoneName": "Timor-Leste"
    },
    "TM": {
      "zoneName": "Turkmenistan"
    },
    "TN": {
      "zoneName": "Tunisia"
    },
    "TO": {
      "zoneName": "Tonga"
    },
    "TR": {
      "zoneName": "Thổ Nhĩ Kỳ"
    },
    "TT": {
      "zoneName": "Trinidad và Tobago"
    },
    "TV": {
      "zoneName": "Tuvalu"
    },
    "TW": {
      "zoneName": "Đài Loan"
    },
    "TZ": {
      "zoneName": "Tanzania"
    },
    "UA": {
      "zoneName": "Ukraine"
    },
    "UA-CR": {
      "countryName": "Crimea",
      "zoneName": "Ukraine"
    },
    "UG": {
      "zoneName": "Uganda"
    },
    "UM": {
      "zoneName": "Các tiểu đảo xa của Hoa Kỳ"
    },
    "US-HI-HA": {
      "countryName": "Hoa Kỳ",
      "zoneName": "Hawaii"
    },
    "US-HI-KA": {
      "countryName": "Hoa Kỳ",
      "zoneName": "Kauai"
    },
    "US-HI-KH": {
      "countryName": "Hoa Kỳ",
      "zoneName": "Kahoolawe"
    },
    "US-HI-LA": {
      "countryName": "Hoa Kỳ",
      "zoneName": "Lanai"
    },
    "US-HI-MA": {
      "countryName": "Hoa Kỳ",
      "zoneName": "Maui"
    },
    "US-HI-MO": {
      "countryName": "Hoa Kỳ",
      "zoneName": "Molokai"
    },
    "US-HI-NI": {
      "countryName": "Hoa Kỳ",
      "zoneName": "Niihau"
    },
    "US-HI-OA": {
      "countryName": "Hoa Kỳ",
      "zoneName": "Oahu"
    },
    "UY": {
      "zoneName": "Uruguay"
    },
    "UZ": {
      "zoneName": "Uzbekistan"
    },
    "VA": {
      "zoneName": "Vatican City"
    },
    "VC": {
      "zoneName": "Saint Vincent and the Grenadines"
    },
    "VE": {
      "zoneName": "Venezuela"
    },
    "VG": {
      "countryName": "Virgin Islands",
      "zoneName": "Virgin Islands"
    },
    "VI": {
      "countryName": "Hoa Kỳ",
      "zoneName": "Virgin Islands"
    },
    "VN": {
      "zoneName": "Việt Nam"
    },
    "VU": {
      "zoneName": "Vanuatu"
    },
    "WF": {
      "zoneName": "Wallis and Futuna"
    },
    "WS": {
      "zoneName": "Samoa"
    },
    "XX": {
      "zoneName": "Northern Cyprus"
    },
    "YE": {
      "zoneName": "Yemen"
    },
    "YT": {
      "zoneName": "Mayotte"
    },
    "ZA": {
      "zoneName": "Nam Phi"
    },
    "ZM": {
      "zoneName": "Zambia"
    },
    "ZW": {
      "zoneName": "Zimbabwe"
    }
  }
}
